layer,neuron
4,7314
5,19
5,619
5,1439
5,2048
5,2231
5,2328
5,4104
5,4211
5,4381
5,4895
5,5658
5,6159
5,7103
5,7117
5,7739
5,8486
5,8613
5,8650
5,9243
5,10215
5,10374
5,10710
5,10793
5,11431
5,11553
5,11829
5,12072
5,12503
5,12543
5,12618
5,13440
5,13584
6,375
6,1603
6,1977
6,2630
6,4338
6,5050
6,5440
6,5608
6,7572
6,7905
6,9583
6,10380
6,11894
6,11957
7,1
7,6
7,12
7,14
7,125
7,186
7,189
7,218
7,228
7,242
7,249
7,266
7,315
7,333
7,370
7,477
7,516
7,521
7,530
7,532
7,556
7,599
7,659
7,686
7,690
7,711
7,712
7,858
7,880
7,1206
7,1273
7,1347
7,1429
7,1442
7,1457
7,1500
7,1654
7,1717
7,1884
7,1890
7,1907
7,1947
7,1951
7,2002
7,2060
7,2091
7,2122
7,2232
7,2248
7,2289
7,2368
7,2518
7,2780
7,2958
7,3081
7,3232
7,3235
7,3262
7,3278
7,3340
7,3396
7,3456
7,3561
7,3603
7,3932
7,3991
7,3992
7,4092
7,4116
7,4191
7,4222
7,4257
7,4348
7,4355
7,4405
7,4412
7,4488
7,4571
7,4574
7,4591
7,4776
7,4778
7,4805
7,4808
7,4890
7,4893
7,5007
7,5048
7,5172
7,5268
7,5290
7,5295
7,5339
7,5403
7,5415
7,5441
7,5457
7,5462
7,5468
7,5611
7,5624
7,5662
7,5670
7,5674
7,5683
7,5698
7,5748
7,5789
7,5935
7,5998
7,6012
7,6079
7,6084
7,6097
7,6302
7,6327
7,6355
7,6432
7,6461
7,6637
7,6692
7,6701
7,6787
7,6849
7,6885
7,7035
7,7140
7,7265
7,7283
7,7401
7,7639
7,7707
7,7747
7,7768
7,7774
7,7780
7,7785
7,7868
7,7980
7,8041
7,8044
7,8153
7,8184
7,8290
7,8303
7,8460
7,8493
7,8574
7,8602
7,8635
7,8751
7,8794
7,8806
7,8885
7,8945
7,8949
7,8985
7,9002
7,9007
7,9036
7,9062
7,9094
7,9213
7,9214
7,9341
7,9406
7,9434
7,9465
7,9563
7,9576
7,9610
7,9638
7,9759
7,9807
7,9834
7,9845
7,9963
7,9976
7,10021
7,10033
7,10063
7,10082
7,10134
7,10152
7,10155
7,10238
7,10309
7,10374
7,10404
7,10410
7,10495
7,10562
7,10596
7,10684
7,10706
7,10957
7,10984
7,11003
7,11013
7,11070
7,11329
7,11343
7,11363
7,11369
7,11452
7,11605
7,11925
7,11940
7,11957
7,12044
7,12075
7,12099
7,12413
7,12416
7,12573
7,12662
7,12675
7,12679
7,12710
7,12854
7,12861
7,12874
7,13120
7,13177
7,13224
7,13238
7,13251
7,13332
7,13512
7,13538
7,13789
7,13804
7,14037
7,14156
8,14
8,63
8,74
8,83
8,88
8,124
8,154
8,164
8,318
8,374
8,377
8,601
8,643
8,651
8,714
8,721
8,733
8,751
8,785
8,923
8,953
8,1059
8,1165
8,1188
8,1340
8,1352
8,1362
8,1364
8,1408
8,1465
8,1575
8,1597
8,1626
8,1664
8,1733
8,1745
8,1746
8,1768
8,1785
8,1792
8,1870
8,1947
8,1965
8,1999
8,2027
8,2033
8,2064
8,2105
8,2376
8,2492
8,2601
8,2611
8,2681
8,2691
8,2729
8,2750
8,2751
8,2837
8,2844
8,3046
8,3186
8,3303
8,3460
8,3479
8,3522
8,3590
8,3676
8,3704
8,3748
8,3765
8,3890
8,4009
8,4048
8,4079
8,4200
8,4232
8,4277
8,4294
8,4396
8,4475
8,4569
8,4602
8,4639
8,4657
8,4670
8,4815
8,4831
8,4843
8,4845
8,4859
8,4935
8,4988
8,5083
8,5090
8,5101
8,5169
8,5179
8,5198
8,5232
8,5260
8,5385
8,5518
8,5566
8,5864
8,5896
8,5932
8,5940
8,6127
8,6163
8,6218
8,6318
8,6386
8,6485
8,6488
8,6553
8,6590
8,6620
8,6654
8,6782
8,6785
8,6802
8,6828
8,6889
8,6924
8,6949
8,7037
8,7070
8,7075
8,7192
8,7430
8,7504
8,7558
8,7561
8,7647
8,7668
8,7765
8,7782
8,7799
8,7848
8,7970
8,7983
8,8128
8,8148
8,8183
8,8386
8,8396
8,8458
8,8473
8,8596
8,8646
8,8656
8,8681
8,8696
8,8762
8,8810
8,8930
8,8939
8,9004
8,9093
8,9103
8,9148
8,9174
8,9184
8,9207
8,9324
8,9329
8,9334
8,9375
8,9401
8,9421
8,9443
8,9657
8,9743
8,9744
8,9858
8,9897
8,9957
8,9980
8,9989
8,10028
8,10029
8,10102
8,10129
8,10168
8,10207
8,10380
8,10384
8,10444
8,10515
8,10543
8,10586
8,10620
8,10693
8,10830
8,10873
8,10883
8,10908
8,11001
8,11026
8,11412
8,11525
8,11624
8,11702
8,11717
8,11773
8,11827
8,11879
8,11881
8,12149
8,12242
8,12260
8,12265
8,12281
8,12319
8,12359
8,12507
8,12614
8,12615
8,12627
8,12675
8,12725
8,12823
8,12849
8,12920
8,12930
8,12975
8,13191
8,13219
8,13220
8,13222
8,13398
8,13420
8,13683
8,13817
8,13864
8,13865
8,13892
8,14017
8,14029
8,14033
8,14053
8,14065
8,14148
8,14247
8,14301
9,25
9,27
9,34
9,71
9,103
9,111
9,158
9,177
9,229
9,246
9,286
9,300
9,307
9,308
9,334
9,357
9,377
9,422
9,433
9,553
9,575
9,580
9,587
9,590
9,636
9,769
9,821
9,857
9,933
9,964
9,971
9,984
9,1007
9,1055
9,1076
9,1096
9,1143
9,1158
9,1171
9,1179
9,1193
9,1212
9,1234
9,1266
9,1329
9,1335
9,1379
9,1440
9,1483
9,1582
9,1594
9,1595
9,1602
9,1617
9,1650
9,1732
9,1811
9,1911
9,1931
9,1946
9,1963
9,1974
9,2040
9,2066
9,2081
9,2144
9,2171
9,2205
9,2219
9,2234
9,2332
9,2344
9,2385
9,2393
9,2398
9,2425
9,2449
9,2470
9,2578
9,2650
9,2683
9,2699
9,2818
9,2827
9,2862
9,2898
9,2942
9,3008
9,3063
9,3118
9,3119
9,3324
9,3331
9,3394
9,3423
9,3457
9,3497
9,3575
9,3640
9,3670
9,3725
9,3748
9,3751
9,3774
9,3790
9,3827
9,3847
9,3849
9,3896
9,3957
9,4038
9,4047
9,4058
9,4070
9,4102
9,4137
9,4163
9,4178
9,4181
9,4231
9,4302
9,4313
9,4320
9,4436
9,4439
9,4442
9,4463
9,4498
9,4571
9,4575
9,4640
9,4646
9,4660
9,4737
9,4847
9,4873
9,4904
9,4949
9,4950
9,4971
9,4974
9,5009
9,5036
9,5096
9,5128
9,5166
9,5234
9,5361
9,5405
9,5420
9,5459
9,5526
9,5569
9,5588
9,5605
9,5610
9,5615
9,5623
9,5771
9,5785
9,5798
9,5828
9,5830
9,5857
9,5885
9,5887
9,5902
9,5957
9,6033
9,6040
9,6149
9,6183
9,6447
9,6513
9,6562
9,6641
9,6644
9,6650
9,6651
9,6701
9,6702
9,6822
9,6825
9,6828
9,6932
9,6933
9,6943
9,6963
9,6966
9,6977
9,6986
9,7110
9,7123
9,7176
9,7178
9,7280
9,7298
9,7337
9,7347
9,7382
9,7411
9,7431
9,7493
9,7502
9,7537
9,7557
9,7621
9,7724
9,7726
9,7736
9,7738
9,7749
9,7787
9,7800
9,7801
9,7802
9,7930
9,7974
9,8080
9,8145
9,8181
9,8251
9,8253
9,8257
9,8333
9,8379
9,8456
9,8506
9,8612
9,8663
9,8672
9,8737
9,8766
9,8808
9,8809
9,8841
9,8846
9,8961
9,8982
9,9010
9,9076
9,9125
9,9131
9,9150
9,9191
9,9252
9,9257
9,9262
9,9304
9,9342
9,9360
9,9423
9,9502
9,9512
9,9560
9,9561
9,9579
9,9629
9,9649
9,9693
9,9720
9,9802
9,9813
9,9879
9,9902
9,9931
9,9984
9,10020
9,10044
9,10059
9,10116
9,10136
9,10140
9,10150
9,10176
9,10205
9,10219
9,10228
9,10299
9,10327
9,10348
9,10412
9,10450
9,10536
9,10546
9,10552
9,10575
9,10642
9,10675
9,10713
9,10720
9,10754
9,10777
9,10806
9,10832
9,10853
9,10999
9,11029
9,11068
9,11084
9,11092
9,11173
9,11189
9,11226
9,11253
9,11264
9,11268
9,11286
9,11292
9,11370
9,11373
9,11447
9,11460
9,11498
9,11515
9,11559
9,11560
9,11565
9,11569
9,11573
9,11619
9,11682
9,11691
9,11763
9,11773
9,11777
9,11802
9,11858
9,11913
9,11927
9,11978
9,11997
9,12149
9,12191
9,12203
9,12274
9,12329
9,12380
9,12420
9,12444
9,12448
9,12451
9,12458
9,12495
9,12539
9,12566
9,12578
9,12589
9,12652
9,12654
9,12796
9,12799
9,12812
9,12822
9,12884
9,12925
9,12930
9,12939
9,13022
9,13106
9,13126
9,13153
9,13159
9,13183
9,13194
9,13300
9,13335
9,13396
9,13412
9,13446
9,13468
9,13535
9,13537
9,13546
9,13607
9,13622
9,13626
9,13659
9,13708
9,13756
9,13759
9,13799
9,13850
9,13860
9,13891
9,13898
9,13900
9,13907
9,13984
9,14087
9,14101
9,14103
9,14117
9,14139
9,14161
9,14207
9,14233
10,78
10,231
10,238
10,252
10,287
10,301
10,309
10,356
10,403
10,414
10,440
10,446
10,494
10,543
10,549
10,552
10,583
10,653
10,682
10,855
10,868
10,938
10,990
10,1033
10,1109
10,1111
10,1115
10,1186
10,1477
10,1501
10,1548
10,1619
10,1639
10,1684
10,1751
10,1782
10,1810
10,1812
10,1980
10,2072
10,2077
10,2151
10,2170
10,2235
10,2345
10,2457
10,2487
10,2494
10,2677
10,2782
10,2905
10,3031
10,3150
10,3151
10,3249
10,3410
10,3464
10,3672
10,3689
10,3808
10,3810
10,3915
10,4016
10,4030
10,4077
10,4271
10,4307
10,4471
10,4511
10,4512
10,4631
10,4660
10,4672
10,4896
10,4904
10,4916
10,5035
10,5130
10,5148
10,5152
10,5175
10,5235
10,5238
10,5249
10,5266
10,5384
10,5417
10,5438
10,5441
10,5509
10,5553
10,5713
10,5743
10,5757
10,6004
10,6028
10,6060
10,6081
10,6162
10,6232
10,6271
10,6282
10,6310
10,6396
10,6703
10,6756
10,6792
10,6850
10,6863
10,6864
10,6894
10,6922
10,6926
10,6971
10,7001
10,7112
10,7161
10,7174
10,7287
10,7358
10,7359
10,7478
10,7637
10,7642
10,7705
10,7786
10,7934
10,7953
10,7971
10,8024
10,8190
10,8204
10,8208
10,8245
10,8300
10,8304
10,8307
10,8320
10,8364
10,8394
10,8397
10,8426
10,8472
10,8478
10,8649
10,8669
10,8818
10,8833
10,8908
10,9085
10,9105
10,9133
10,9166
10,9173
10,9203
10,9214
10,9292
10,9324
10,9328
10,9491
10,9536
10,9542
10,9551
10,9566
10,9758
10,9831
10,9877
10,10049
10,10088
10,10117
10,10243
10,10264
10,10335
10,10350
10,10424
10,10540
10,10597
10,10662
10,10731
10,10856
10,10871
10,10881
10,11150
10,11188
10,11220
10,11286
10,11316
10,11425
10,11624
10,11631
10,11693
10,11694
10,11824
10,11825
10,11835
10,12006
10,12173
10,12183
10,12189
10,12273
10,12297
10,12315
10,12364
10,12406
10,12418
10,12444
10,12494
10,12498
10,12516
10,12572
10,12619
10,12723
10,12846
10,12863
10,12901
10,12934
10,13013
10,13275
10,13320
10,13544
10,13563
10,13583
10,13622
10,13792
10,13875
10,13923
10,14049
10,14053
10,14150
10,14163
10,14180
10,14283
11,58
11,63
11,70
11,74
11,106
11,115
11,173
11,202
11,257
11,316
11,378
11,411
11,414
11,436
11,455
11,502
11,539
11,544
11,551
11,552
11,586
11,591
11,634
11,720
11,860
11,872
11,885
11,909
11,921
11,961
11,985
11,991
11,1040
11,1053
11,1081
11,1126
11,1160
11,1174
11,1180
11,1276
11,1315
11,1401
11,1639
11,1650
11,1669
11,1764
11,1774
11,1884
11,1922
11,1957
11,1969
11,1996
11,2004
11,2042
11,2120
11,2127
11,2197
11,2204
11,2265
11,2268
11,2324
11,2331
11,2459
11,2470
11,2473
11,2523
11,2547
11,2626
11,2725
11,2744
11,2769
11,2823
11,2893
11,2897
11,2947
11,2953
11,3018
11,3033
11,3035
11,3067
11,3114
11,3142
11,3323
11,3332
11,3333
11,3461
11,3462
11,3474
11,3530
11,3597
11,3644
11,3683
11,3694
11,3729
11,3744
11,3774
11,3798
11,3857
11,3883
11,3909
11,3937
11,4000
11,4003
11,4031
11,4062
11,4101
11,4113
11,4120
11,4179
11,4272
11,4305
11,4319
11,4322
11,4418
11,4420
11,4518
11,4595
11,4717
11,4760
11,4805
11,4838
11,4851
11,4877
11,4964
11,5024
11,5061
11,5065
11,5089
11,5101
11,5103
11,5247
11,5291
11,5364
11,5420
11,5424
11,5432
11,5441
11,5467
11,5502
11,5506
11,5584
11,5623
11,5624
11,5667
11,5671
11,5740
11,5744
11,5770
11,5805
11,5896
11,5931
11,5961
11,6002
11,6020
11,6038
11,6055
11,6081
11,6082
11,6127
11,6177
11,6218
11,6228
11,6294
11,6314
11,6402
11,6489
11,6530
11,6555
11,6599
11,6651
11,6652
11,6663
11,6689
11,6733
11,6768
11,6790
11,6808
11,6811
11,6841
11,6930
11,6956
11,7006
11,7070
11,7111
11,7145
11,7148
11,7256
11,7275
11,7298
11,7332
11,7483
11,7558
11,7587
11,7622
11,7638
11,7658
11,7683
11,7703
11,7707
11,7727
11,7735
11,7744
11,7753
11,7774
11,7814
11,7915
11,7991
11,7992
11,8081
11,8115
11,8119
11,8138
11,8160
11,8171
11,8189
11,8224
11,8257
11,8295
11,8298
11,8300
11,8412
11,8426
11,8486
11,8502
11,8511
11,8524
11,8560
11,8690
11,8834
11,8837
11,8923
11,8939
11,9023
11,9056
11,9205
11,9433
11,9472
11,9506
11,9549
11,9596
11,9652
11,9658
11,9683
11,9685
11,9726
11,9766
11,9837
11,9853
11,9882
11,9907
11,9933
11,9938
11,9957
11,9960
11,10089
11,10122
11,10168
11,10277
11,10444
11,10462
11,10469
11,10472
11,10522
11,10551
11,10631
11,10753
11,10793
11,10843
11,10896
11,10901
11,10905
11,10921
11,10936
11,11011
11,11082
11,11094
11,11109
11,11142
11,11269
11,11295
11,11308
11,11329
11,11356
11,11405
11,11418
11,11431
11,11446
11,11510
11,11581
11,11626
11,11628
11,11637
11,11641
11,11674
11,11684
11,11710
11,11725
11,11752
11,11878
11,11882
11,11907
11,11940
11,11961
11,11966
11,11968
11,12030
11,12045
11,12059
11,12116
11,12129
11,12169
11,12186
11,12209
11,12212
11,12250
11,12274
11,12317
11,12354
11,12362
11,12365
11,12496
11,12562
11,12572
11,12587
11,12658
11,12682
11,12683
11,12684
11,12692
11,12738
11,12753
11,12841
11,12907
11,12958
11,12960
11,13013
11,13114
11,13129
11,13166
11,13211
11,13244
11,13284
11,13286
11,13295
11,13310
11,13432
11,13435
11,13473
11,13542
11,13582
11,13598
11,13657
11,13701
11,13703
11,13743
11,13770
11,13795
11,13804
11,13873
11,13909
11,13913
11,13929
11,14010
11,14060
11,14073
11,14109
11,14122
11,14140
11,14143
11,14200
11,14219
11,14250
11,14266
11,14311
11,14329
11,14333
12,14
12,26
12,52
12,61
12,62
12,111
12,113
12,119
12,170
12,182
12,183
12,256
12,284
12,329
12,345
12,380
12,398
12,429
12,444
12,454
12,475
12,495
12,530
12,555
12,605
12,617
12,645
12,670
12,677
12,702
12,708
12,712
12,740
12,775
12,812
12,834
12,850
12,856
12,862
12,865
12,932
12,942
12,962
12,992
12,1005
12,1012
12,1073
12,1113
12,1152
12,1181
12,1191
12,1221
12,1238
12,1255
12,1293
12,1303
12,1317
12,1321
12,1324
12,1325
12,1339
12,1341
12,1358
12,1372
12,1394
12,1399
12,1429
12,1433
12,1455
12,1460
12,1461
12,1551
12,1561
12,1567
12,1574
12,1585
12,1614
12,1620
12,1630
12,1639
12,1677
12,1680
12,1691
12,1715
12,1726
12,1728
12,1745
12,1763
12,1774
12,1783
12,1798
12,1845
12,1854
12,1863
12,1876
12,1898
12,1901
12,1957
12,2028
12,2074
12,2085
12,2091
12,2117
12,2155
12,2160
12,2170
12,2220
12,2264
12,2316
12,2381
12,2383
12,2386
12,2389
12,2419
12,2434
12,2443
12,2464
12,2466
12,2500
12,2511
12,2527
12,2561
12,2578
12,2588
12,2592
12,2624
12,2633
12,2665
12,2679
12,2751
12,2802
12,2807
12,2820
12,2850
12,2852
12,2867
12,2871
12,2915
12,2936
12,2942
12,2957
12,2962
12,2963
12,2965
12,3001
12,3004
12,3016
12,3031
12,3064
12,3095
12,3123
12,3129
12,3142
12,3146
12,3151
12,3153
12,3172
12,3174
12,3177
12,3179
12,3241
12,3244
12,3287
12,3296
12,3323
12,3355
12,3366
12,3371
12,3388
12,3431
12,3488
12,3494
12,3538
12,3558
12,3567
12,3571
12,3576
12,3581
12,3607
12,3613
12,3629
12,3656
12,3673
12,3686
12,3692
12,3698
12,3707
12,3736
12,3737
12,3745
12,3747
12,3802
12,3823
12,3828
12,3839
12,3846
12,3850
12,3885
12,3958
12,3996
12,4008
12,4009
12,4078
12,4109
12,4116
12,4156
12,4157
12,4167
12,4180
12,4181
12,4229
12,4236
12,4250
12,4318
12,4358
12,4374
12,4400
12,4401
12,4405
12,4424
12,4470
12,4492
12,4530
12,4538
12,4540
12,4554
12,4572
12,4586
12,4595
12,4640
12,4645
12,4654
12,4657
12,4677
12,4725
12,4728
12,4735
12,4789
12,4793
12,4794
12,4808
12,4858
12,4906
12,4914
12,4949
12,4977
12,5015
12,5031
12,5066
12,5071
12,5090
12,5100
12,5150
12,5197
12,5356
12,5378
12,5395
12,5400
12,5405
12,5408
12,5411
12,5474
12,5491
12,5500
12,5521
12,5524
12,5534
12,5539
12,5540
12,5563
12,5565
12,5585
12,5600
12,5645
12,5652
12,5655
12,5664
12,5682
12,5710
12,5725
12,5751
12,5760
12,5778
12,5802
12,5805
12,5821
12,5835
12,5916
12,5921
12,5941
12,5957
12,5969
12,5980
12,5993
12,6004
12,6007
12,6013
12,6026
12,6037
12,6039
12,6046
12,6194
12,6212
12,6255
12,6284
12,6301
12,6359
12,6370
12,6378
12,6382
12,6384
12,6422
12,6464
12,6480
12,6496
12,6538
12,6580
12,6621
12,6638
12,6679
12,6699
12,6706
12,6739
12,6808
12,6818
12,6843
12,6844
12,6852
12,6873
12,6936
12,6949
12,7026
12,7054
12,7055
12,7065
12,7094
12,7100
12,7162
12,7195
12,7206
12,7222
12,7224
12,7233
12,7283
12,7291
12,7302
12,7310
12,7339
12,7344
12,7379
12,7440
12,7450
12,7470
12,7519
12,7528
12,7530
12,7615
12,7617
12,7632
12,7649
12,7668
12,7691
12,7695
12,7699
12,7701
12,7706
12,7708
12,7728
12,7784
12,7801
12,7830
12,7836
12,7857
12,7868
12,7881
12,7927
12,7946
12,7950
12,7957
12,7982
12,7998
12,8024
12,8052
12,8061
12,8062
12,8137
12,8206
12,8207
12,8225
12,8236
12,8246
12,8275
12,8280
12,8296
12,8315
12,8365
12,8399
12,8407
12,8408
12,8411
12,8476
12,8477
12,8489
12,8529
12,8576
12,8586
12,8588
12,8605
12,8609
12,8613
12,8641
12,8666
12,8749
12,8802
12,8811
12,8844
12,8857
12,8858
12,8865
12,8867
12,8897
12,8917
12,8950
12,8960
12,9027
12,9029
12,9032
12,9103
12,9106
12,9148
12,9162
12,9175
12,9186
12,9215
12,9216
12,9262
12,9279
12,9339
12,9360
12,9361
12,9370
12,9404
12,9428
12,9464
12,9476
12,9500
12,9511
12,9526
12,9531
12,9533
12,9534
12,9535
12,9571
12,9616
12,9645
12,9649
12,9695
12,9702
12,9727
12,9749
12,9751
12,9777
12,9801
12,9836
12,9849
12,9865
12,9905
12,9917
12,9922
12,9933
12,9938
12,9995
12,10008
12,10026
12,10043
12,10044
12,10054
12,10071
12,10117
12,10140
12,10155
12,10161
12,10195
12,10221
12,10239
12,10243
12,10276
12,10282
12,10286
12,10304
12,10320
12,10340
12,10344
12,10369
12,10372
12,10405
12,10412
12,10434
12,10438
12,10448
12,10465
12,10472
12,10486
12,10497
12,10514
12,10540
12,10572
12,10594
12,10606
12,10621
12,10623
12,10630
12,10661
12,10709
12,10710
12,10729
12,10733
12,10741
12,10749
12,10765
12,10769
12,10781
12,10788
12,10807
12,10823
12,10836
12,10855
12,10860
12,10883
12,10888
12,10924
12,10932
12,10942
12,10948
12,10954
12,10970
12,10973
12,10974
12,11001
12,11025
12,11027
12,11048
12,11064
12,11078
12,11082
12,11099
12,11132
12,11137
12,11180
12,11183
12,11192
12,11205
12,11240
12,11242
12,11262
12,11267
12,11285
12,11318
12,11325
12,11329
12,11427
12,11433
12,11460
12,11470
12,11492
12,11498
12,11509
12,11519
12,11521
12,11544
12,11550
12,11575
12,11576
12,11627
12,11628
12,11707
12,11747
12,11755
12,11781
12,11814
12,11816
12,11820
12,11824
12,11832
12,11837
12,11842
12,11847
12,11859
12,11861
12,11886
12,11905
12,11950
12,11955
12,11987
12,12009
12,12011
12,12021
12,12022
12,12036
12,12039
12,12043
12,12134
12,12142
12,12192
12,12197
12,12214
12,12229
12,12233
12,12295
12,12306
12,12320
12,12334
12,12389
12,12410
12,12451
12,12464
12,12478
12,12496
12,12510
12,12526
12,12532
12,12561
12,12588
12,12598
12,12615
12,12617
12,12629
12,12652
12,12656
12,12659
12,12691
12,12731
12,12780
12,12794
12,12797
12,12798
12,12799
12,12803
12,12829
12,12864
12,12876
12,12879
12,12936
12,12945
12,12965
12,13012
12,13091
12,13102
12,13121
12,13187
12,13214
12,13218
12,13246
12,13255
12,13279
12,13305
12,13311
12,13334
12,13344
12,13352
12,13365
12,13376
12,13380
12,13386
12,13391
12,13392
12,13407
12,13422
12,13464
12,13476
12,13484
12,13491
12,13500
12,13559
12,13574
12,13637
12,13678
12,13683
12,13684
12,13690
12,13693
12,13728
12,13733
12,13736
12,13741
12,13748
12,13761
12,13787
12,13814
12,13879
12,13891
12,13908
12,13934
12,13940
12,13956
12,13961
12,14013
12,14038
12,14082
12,14093
12,14139
12,14159
12,14232
12,14236
12,14266
12,14292
12,14294
12,14301
12,14315
12,14326
12,14330
12,14335
13,4
13,39
13,45
13,93
13,153
13,154
13,157
13,167
13,173
13,176
13,212
13,256
13,281
13,292
13,300
13,333
13,334
13,390
13,402
13,413
13,489
13,557
13,559
13,606
13,609
13,645
13,652
13,662
13,676
13,719
13,738
13,783
13,807
13,823
13,840
13,845
13,986
13,992
13,993
13,1019
13,1034
13,1039
13,1042
13,1097
13,1121
13,1148
13,1154
13,1182
13,1184
13,1253
13,1254
13,1264
13,1285
13,1363
13,1371
13,1445
13,1446
13,1449
13,1483
13,1490
13,1551
13,1568
13,1570
13,1591
13,1598
13,1699
13,1706
13,1743
13,1744
13,1750
13,1870
13,1891
13,1901
13,1905
13,1908
13,1924
13,1939
13,1950
13,1975
13,1998
13,2011
13,2034
13,2045
13,2102
13,2141
13,2148
13,2149
13,2167
13,2204
13,2211
13,2236
13,2246
13,2253
13,2279
13,2280
13,2333
13,2343
13,2349
13,2379
13,2455
13,2469
13,2507
13,2533
13,2550
13,2556
13,2636
13,2655
13,2658
13,2681
13,2702
13,2729
13,2789
13,2808
13,2809
13,2825
13,2833
13,2860
13,2878
13,2882
13,2884
13,2890
13,2959
13,2961
13,3029
13,3051
13,3073
13,3074
13,3094
13,3101
13,3155
13,3176
13,3198
13,3215
13,3223
13,3300
13,3310
13,3348
13,3407
13,3429
13,3438
13,3511
13,3518
13,3523
13,3557
13,3576
13,3583
13,3597
13,3697
13,3713
13,3714
13,3728
13,3742
13,3753
13,3766
13,3774
13,3777
13,3805
13,3830
13,3831
13,3905
13,3906
13,3941
13,3971
13,3996
13,4009
13,4102
13,4127
13,4205
13,4210
13,4227
13,4228
13,4251
13,4257
13,4281
13,4289
13,4340
13,4361
13,4403
13,4404
13,4433
13,4469
13,4485
13,4519
13,4522
13,4562
13,4585
13,4624
13,4635
13,4666
13,4680
13,4746
13,4763
13,4769
13,4787
13,4789
13,4790
13,4792
13,4799
13,4820
13,4838
13,4848
13,4912
13,4915
13,4927
13,4960
13,4980
13,5013
13,5014
13,5017
13,5044
13,5090
13,5135
13,5141
13,5165
13,5182
13,5221
13,5226
13,5240
13,5260
13,5280
13,5303
13,5341
13,5343
13,5381
13,5413
13,5460
13,5476
13,5479
13,5518
13,5524
13,5530
13,5541
13,5554
13,5561
13,5569
13,5620
13,5622
13,5629
13,5638
13,5663
13,5679
13,5696
13,5715
13,5717
13,5719
13,5831
13,5838
13,5858
13,5888
13,5902
13,5912
13,5992
13,5995
13,6060
13,6099
13,6122
13,6151
13,6179
13,6207
13,6263
13,6281
13,6298
13,6305
13,6322
13,6346
13,6365
13,6399
13,6404
13,6436
13,6460
13,6481
13,6497
13,6503
13,6507
13,6575
13,6576
13,6589
13,6627
13,6629
13,6706
13,6711
13,6747
13,6769
13,6770
13,6777
13,6827
13,6837
13,6845
13,6846
13,6871
13,6878
13,6885
13,6894
13,6913
13,6924
13,6936
13,6969
13,6974
13,6982
13,7020
13,7022
13,7066
13,7094
13,7121
13,7149
13,7161
13,7226
13,7240
13,7245
13,7285
13,7291
13,7297
13,7300
13,7326
13,7402
13,7416
13,7447
13,7519
13,7566
13,7637
13,7642
13,7645
13,7653
13,7671
13,7686
13,7710
13,7746
13,7775
13,7796
13,7809
13,7822
13,7840
13,7843
13,7910
13,7914
13,8000
13,8032
13,8128
13,8154
13,8161
13,8233
13,8238
13,8250
13,8265
13,8281
13,8295
13,8313
13,8336
13,8342
13,8393
13,8397
13,8404
13,8405
13,8458
13,8463
13,8500
13,8570
13,8572
13,8637
13,8656
13,8667
13,8690
13,8707
13,8738
13,8747
13,8758
13,8770
13,8850
13,8857
13,8906
13,8932
13,8964
13,8968
13,8986
13,8994
13,8999
13,9044
13,9068
13,9072
13,9102
13,9156
13,9165
13,9217
13,9318
13,9382
13,9402
13,9427
13,9446
13,9461
13,9469
13,9494
13,9497
13,9502
13,9542
13,9564
13,9575
13,9621
13,9623
13,9685
13,9710
13,9728
13,9732
13,9772
13,9791
13,9801
13,9872
13,9887
13,9896
13,9910
13,9931
13,9949
13,10018
13,10021
13,10045
13,10055
13,10077
13,10138
13,10170
13,10171
13,10229
13,10254
13,10278
13,10321
13,10379
13,10416
13,10459
13,10485
13,10529
13,10538
13,10589
13,10665
13,10666
13,10722
13,10734
13,10738
13,10775
13,10821
13,10822
13,10827
13,10861
13,10864
13,10870
13,10896
13,10908
13,10945
13,10969
13,11002
13,11013
13,11081
13,11103
13,11109
13,11132
13,11159
13,11171
13,11197
13,11229
13,11276
13,11328
13,11331
13,11340
13,11368
13,11371
13,11372
13,11390
13,11404
13,11425
13,11429
13,11463
13,11470
13,11498
13,11507
13,11509
13,11524
13,11590
13,11592
13,11711
13,11785
13,11835
13,11863
13,11891
13,11913
13,11923
13,11941
13,11950
13,11956
13,11978
13,12000
13,12066
13,12070
13,12073
13,12087
13,12105
13,12179
13,12208
13,12231
13,12233
13,12256
13,12268
13,12297
13,12333
13,12355
13,12382
13,12387
13,12390
13,12416
13,12534
13,12552
13,12622
13,12641
13,12665
13,12734
13,12743
13,12789
13,12809
13,12816
13,12862
13,12915
13,12945
13,12997
13,13012
13,13051
13,13105
13,13107
13,13108
13,13148
13,13202
13,13226
13,13235
13,13268
13,13275
13,13340
13,13351
13,13360
13,13380
13,13387
13,13416
13,13437
13,13445
13,13502
13,13556
13,13568
13,13640
13,13724
13,13839
13,13848
13,13850
13,13866
13,13880
13,13919
13,13921
13,13951
13,13961
13,13966
13,14042
13,14049
13,14102
13,14159
13,14169
13,14183
13,14197
13,14214
13,14217
13,14234
13,14257
13,14296
13,14321
14,38
14,88
14,130
14,144
14,170
14,205
14,206
14,220
14,268
14,284
14,332
14,362
14,395
14,407
14,408
14,509
14,559
14,563
14,717
14,740
14,762
14,782
14,786
14,793
14,798
14,808
14,841
14,862
14,905
14,933
14,949
14,967
14,988
14,996
14,1014
14,1032
14,1076
14,1094
14,1104
14,1149
14,1192
14,1196
14,1197
14,1211
14,1212
14,1223
14,1427
14,1448
14,1474
14,1485
14,1521
14,1537
14,1543
14,1553
14,1613
14,1630
14,1638
14,1656
14,1687
14,1842
14,1849
14,1875
14,1899
14,1918
14,1949
14,1984
14,1986
14,2002
14,2012
14,2131
14,2171
14,2173
14,2178
14,2191
14,2240
14,2282
14,2301
14,2310
14,2341
14,2388
14,2429
14,2555
14,2578
14,2580
14,2598
14,2682
14,2689
14,2727
14,2736
14,2758
14,2865
14,2883
14,2914
14,2970
14,3102
14,3157
14,3166
14,3231
14,3238
14,3322
14,3370
14,3379
14,3477
14,3487
14,3545
14,3556
14,3637
14,3657
14,3717
14,3763
14,3816
14,3835
14,3886
14,3906
14,3914
14,3996
14,4025
14,4033
14,4064
14,4071
14,4089
14,4164
14,4169
14,4189
14,4193
14,4255
14,4297
14,4322
14,4349
14,4371
14,4391
14,4423
14,4430
14,4469
14,4499
14,4525
14,4550
14,4562
14,4583
14,4609
14,4625
14,4683
14,4706
14,4711
14,4740
14,4768
14,4839
14,4849
14,4935
14,5017
14,5018
14,5022
14,5025
14,5099
14,5107
14,5155
14,5260
14,5303
14,5370
14,5433
14,5460
14,5520
14,5627
14,5634
14,5639
14,5640
14,5641
14,5651
14,5654
14,5705
14,5731
14,5830
14,5914
14,5918
14,5948
14,5961
14,5988
14,6052
14,6136
14,6178
14,6192
14,6273
14,6322
14,6331
14,6338
14,6342
14,6352
14,6406
14,6450
14,6529
14,6540
14,6542
14,6558
14,6611
14,6613
14,6633
14,6659
14,6668
14,6671
14,6704
14,6716
14,6722
14,6776
14,6782
14,6859
14,6888
14,6907
14,6927
14,6928
14,6965
14,6974
14,6980
14,6989
14,7049
14,7057
14,7097
14,7159
14,7166
14,7183
14,7270
14,7313
14,7317
14,7358
14,7360
14,7377
14,7390
14,7414
14,7426
14,7430
14,7432
14,7463
14,7507
14,7510
14,7525
14,7529
14,7584
14,7606
14,7694
14,7712
14,7716
14,7757
14,7760
14,7767
14,7768
14,7865
14,7917
14,7953
14,7957
14,8032
14,8139
14,8147
14,8324
14,8384
14,8401
14,8414
14,8445
14,8447
14,8456
14,8465
14,8506
14,8519
14,8529
14,8546
14,8551
14,8582
14,8587
14,8655
14,8656
14,8706
14,8808
14,8885
14,8912
14,8959
14,8969
14,8993
14,9066
14,9079
14,9109
14,9127
14,9135
14,9194
14,9199
14,9211
14,9234
14,9245
14,9273
14,9276
14,9310
14,9374
14,9399
14,9405
14,9438
14,9450
14,9453
14,9456
14,9460
14,9477
14,9548
14,9575
14,9598
14,9602
14,9671
14,9673
14,9692
14,9693
14,9724
14,9735
14,9738
14,9787
14,9792
14,9794
14,9829
14,9905
14,9932
14,9934
14,9953
14,9957
14,9969
14,10010
14,10029
14,10056
14,10091
14,10140
14,10167
14,10226
14,10245
14,10289
14,10324
14,10359
14,10374
14,10406
14,10428
14,10440
14,10505
14,10510
14,10625
14,10633
14,10656
14,10662
14,10724
14,10774
14,10789
14,10792
14,10794
14,10795
14,10860
14,10865
14,10899
14,10952
14,10979
14,10989
14,10992
14,11002
14,11042
14,11049
14,11056
14,11124
14,11131
14,11157
14,11160
14,11165
14,11167
14,11219
14,11226
14,11239
14,11248
14,11271
14,11286
14,11292
14,11328
14,11408
14,11420
14,11504
14,11604
14,11639
14,11642
14,11672
14,11685
14,11726
14,11784
14,11798
14,11836
14,11852
14,11863
14,11915
14,11921
14,11991
14,11994
14,11998
14,12014
14,12023
14,12068
14,12073
14,12099
14,12130
14,12142
14,12167
14,12172
14,12195
14,12241
14,12245
14,12253
14,12284
14,12295
14,12318
14,12322
14,12325
14,12329
14,12332
14,12344
14,12354
14,12379
14,12417
14,12425
14,12481
14,12553
14,12555
14,12564
14,12739
14,12787
14,12814
14,12817
14,12829
14,12889
14,12940
14,12960
14,12971
14,13011
14,13066
14,13095
14,13155
14,13193
14,13245
14,13287
14,13300
14,13304
14,13308
14,13366
14,13376
14,13468
14,13472
14,13475
14,13493
14,13534
14,13663
14,13696
14,13850
14,13872
14,13900
14,13994
14,14091
14,14109
14,14143
14,14153
14,14179
14,14220
14,14237
14,14239
14,14287
14,14297
14,14313
14,14334
15,3
15,7
15,40
15,116
15,118
15,149
15,162
15,202
15,216
15,239
15,249
15,300
15,336
15,418
15,484
15,523
15,539
15,541
15,547
15,609
15,641
15,711
15,758
15,780
15,828
15,866
15,873
15,908
15,923
15,940
15,977
15,1056
15,1065
15,1073
15,1116
15,1170
15,1240
15,1276
15,1300
15,1403
15,1407
15,1481
15,1622
15,1632
15,1643
15,1652
15,1695
15,1704
15,1760
15,1788
15,1810
15,1892
15,1976
15,1984
15,2061
15,2178
15,2185
15,2244
15,2248
15,2277
15,2294
15,2310
15,2373
15,2394
15,2426
15,2441
15,2509
15,2525
15,2528
15,2544
15,2589
15,2604
15,2638
15,2722
15,2725
15,2765
15,2768
15,2808
15,2828
15,2860
15,2992
15,3005
15,3052
15,3062
15,3078
15,3101
15,3175
15,3187
15,3234
15,3238
15,3296
15,3347
15,3396
15,3443
15,3457
15,3488
15,3514
15,3526
15,3537
15,3716
15,3768
15,3772
15,3788
15,3829
15,3836
15,3880
15,3951
15,3986
15,4009
15,4016
15,4031
15,4058
15,4104
15,4122
15,4136
15,4140
15,4201
15,4212
15,4227
15,4236
15,4336
15,4434
15,4467
15,4542
15,4627
15,4635
15,4648
15,4661
15,4786
15,4794
15,4797
15,4811
15,4817
15,4841
15,4888
15,4890
15,4924
15,4935
15,5004
15,5041
15,5047
15,5085
15,5159
15,5163
15,5164
15,5184
15,5202
15,5288
15,5326
15,5362
15,5368
15,5369
15,5389
15,5423
15,5483
15,5524
15,5608
15,5620
15,5656
15,5682
15,5716
15,5717
15,5853
15,5866
15,5957
15,5962
15,5991
15,6033
15,6043
15,6053
15,6059
15,6061
15,6071
15,6074
15,6133
15,6164
15,6198
15,6233
15,6338
15,6346
15,6386
15,6407
15,6420
15,6421
15,6429
15,6432
15,6471
15,6548
15,6573
15,6617
15,6637
15,6647
15,6764
15,6850
15,6857
15,6895
15,6988
15,7011
15,7126
15,7179
15,7192
15,7224
15,7256
15,7258
15,7304
15,7358
15,7364
15,7369
15,7378
15,7426
15,7464
15,7476
15,7563
15,7592
15,7600
15,7651
15,7732
15,7839
15,7845
15,7863
15,7896
15,7992
15,8044
15,8174
15,8231
15,8277
15,8284
15,8289
15,8298
15,8311
15,8335
15,8349
15,8440
15,8491
15,8505
15,8515
15,8545
15,8558
15,8679
15,8714
15,8717
15,8764
15,8770
15,8779
15,8815
15,8816
15,8891
15,8908
15,8952
15,8954
15,8956
15,8972
15,8982
15,9052
15,9094
15,9164
15,9190
15,9204
15,9263
15,9268
15,9286
15,9305
15,9349
15,9434
15,9437
15,9489
15,9559
15,9620
15,9648
15,9676
15,9723
15,9735
15,9764
15,9802
15,9811
15,9818
15,9858
15,9887
15,9911
15,9921
15,9923
15,10014
15,10025
15,10049
15,10071
15,10090
15,10141
15,10145
15,10205
15,10247
15,10259
15,10288
15,10326
15,10480
15,10508
15,10526
15,10581
15,10585
15,10615
15,10640
15,10645
15,10686
15,10694
15,10742
15,10756
15,10787
15,10793
15,10855
15,10862
15,10895
15,10912
15,10941
15,10946
15,10987
15,11006
15,11025
15,11046
15,11106
15,11110
15,11143
15,11151
15,11195
15,11196
15,11236
15,11252
15,11269
15,11301
15,11307
15,11345
15,11355
15,11375
15,11394
15,11406
15,11413
15,11433
15,11518
15,11554
15,11559
15,11586
15,11592
15,11596
15,11618
15,11694
15,11734
15,11757
15,11825
15,11947
15,11960
15,11977
15,11997
15,12022
15,12053
15,12089
15,12102
15,12103
15,12165
15,12259
15,12260
15,12292
15,12320
15,12362
15,12440
15,12453
15,12549
15,12564
15,12574
15,12590
15,12692
15,12768
15,12789
15,12813
15,12842
15,12873
15,12875
15,12878
15,12885
15,12887
15,12955
15,12991
15,13041
15,13106
15,13122
15,13130
15,13159
15,13168
15,13206
15,13210
15,13211
15,13351
15,13391
15,13429
15,13445
15,13543
15,13591
15,13607
15,13673
15,13718
15,13748
15,13753
15,13756
15,13767
15,13891
15,13936
15,13956
15,13972
15,14087
15,14118
15,14139
15,14178
15,14187
15,14193
15,14253
15,14316
16,53
16,139
16,156
16,159
16,166
16,170
16,184
16,218
16,224
16,245
16,262
16,274
16,325
16,360
16,409
16,441
16,450
16,495
16,522
16,532
16,564
16,697
16,737
16,787
16,851
16,912
16,947
16,1002
16,1169
16,1171
16,1226
16,1253
16,1257
16,1307
16,1355
16,1374
16,1387
16,1390
16,1405
16,1419
16,1442
16,1462
16,1463
16,1532
16,1624
16,1656
16,1659
16,1666
16,1669
16,1777
16,1797
16,1822
16,1838
16,1848
16,1864
16,1865
16,1875
16,1883
16,1884
16,1887
16,1954
16,1956
16,1980
16,2049
16,2060
16,2076
16,2079
16,2118
16,2180
16,2201
16,2300
16,2410
16,2425
16,2436
16,2437
16,2451
16,2461
16,2478
16,2483
16,2620
16,2648
16,2719
16,2732
16,2756
16,2773
16,2798
16,2808
16,2878
16,2882
16,2912
16,2914
16,2988
16,2994
16,3033
16,3051
16,3059
16,3089
16,3118
16,3167
16,3189
16,3193
16,3276
16,3297
16,3318
16,3329
16,3336
16,3385
16,3389
16,3404
16,3412
16,3472
16,3497
16,3525
16,3530
16,3534
16,3553
16,3554
16,3635
16,3654
16,3693
16,3734
16,3797
16,3858
16,3891
16,3904
16,4040
16,4053
16,4068
16,4074
16,4110
16,4112
16,4115
16,4154
16,4211
16,4217
16,4223
16,4232
16,4235
16,4279
16,4299
16,4310
16,4317
16,4384
16,4402
16,4426
16,4493
16,4588
16,4606
16,4618
16,4669
16,4681
16,4727
16,4730
16,4750
16,4767
16,4783
16,4834
16,4859
16,4877
16,4904
16,4976
16,4990
16,4997
16,5060
16,5109
16,5128
16,5131
16,5136
16,5177
16,5178
16,5182
16,5219
16,5222
16,5223
16,5224
16,5264
16,5307
16,5310
16,5342
16,5400
16,5412
16,5524
16,5581
16,5603
16,5653
16,5663
16,5685
16,5689
16,5720
16,5734
16,5809
16,5840
16,5843
16,5870
16,6081
16,6129
16,6136
16,6143
16,6231
16,6261
16,6317
16,6327
16,6347
16,6348
16,6370
16,6382
16,6495
16,6548
16,6570
16,6597
16,6658
16,6672
16,6729
16,6730
16,6747
16,6758
16,6778
16,6794
16,6823
16,6839
16,6862
16,6868
16,6890
16,6899
16,6905
16,6906
16,7008
16,7110
16,7117
16,7148
16,7185
16,7186
16,7189
16,7243
16,7271
16,7289
16,7309
16,7314
16,7337
16,7351
16,7396
16,7445
16,7452
16,7469
16,7500
16,7502
16,7519
16,7532
16,7549
16,7555
16,7567
16,7585
16,7589
16,7674
16,7710
16,7751
16,7826
16,7850
16,7912
16,7932
16,7938
16,7978
16,7979
16,7997
16,8015
16,8029
16,8034
16,8036
16,8054
16,8060
16,8135
16,8163
16,8165
16,8170
16,8228
16,8262
16,8310
16,8315
16,8469
16,8522
16,8546
16,8570
16,8601
16,8619
16,8655
16,8732
16,8739
16,8789
16,8794
16,8859
16,8888
16,8954
16,9028
16,9140
16,9152
16,9154
16,9225
16,9226
16,9250
16,9326
16,9365
16,9372
16,9392
16,9466
16,9475
16,9515
16,9657
16,9664
16,9760
16,9784
16,9831
16,9839
16,9886
16,9892
16,9939
16,9941
16,9970
16,9972
16,10102
16,10164
16,10198
16,10202
16,10218
16,10258
16,10261
16,10290
16,10408
16,10534
16,10668
16,10674
16,10676
16,10692
16,10716
16,10735
16,10748
16,10791
16,10857
16,10865
16,10885
16,10886
16,10930
16,10997
16,11007
16,11084
16,11103
16,11114
16,11126
16,11180
16,11190
16,11198
16,11246
16,11256
16,11311
16,11321
16,11325
16,11328
16,11368
16,11409
16,11419
16,11428
16,11435
16,11486
16,11587
16,11614
16,11639
16,11640
16,11647
16,11653
16,11700
16,11753
16,11799
16,11840
16,11843
16,11857
16,11967
16,11983
16,11995
16,12059
16,12069
16,12095
16,12125
16,12136
16,12152
16,12215
16,12263
16,12316
16,12331
16,12377
16,12414
16,12476
16,12510
16,12532
16,12535
16,12541
16,12583
16,12585
16,12594
16,12595
16,12686
16,12720
16,12753
16,12762
16,12768
16,12790
16,12865
16,13001
16,13020
16,13027
16,13041
16,13042
16,13068
16,13083
16,13090
16,13108
16,13162
16,13170
16,13175
16,13207
16,13208
16,13209
16,13216
16,13226
16,13246
16,13412
16,13414
16,13416
16,13417
16,13441
16,13466
16,13479
16,13542
16,13546
16,13552
16,13559
16,13570
16,13612
16,13625
16,13685
16,13710
16,13732
16,13754
16,13771
16,13840
16,13841
16,13842
16,13892
16,13895
16,13897
16,13962
16,13976
16,14036
16,14057
16,14066
16,14087
16,14093
16,14124
16,14128
16,14129
16,14156
16,14199
16,14214
16,14254
16,14259
16,14310
17,20
17,22
17,109
17,128
17,141
17,160
17,221
17,229
17,245
17,246
17,275
17,292
17,315
17,358
17,367
17,379
17,410
17,411
17,458
17,533
17,536
17,564
17,666
17,700
17,761
17,779
17,794
17,831
17,845
17,929
17,994
17,1027
17,1033
17,1042
17,1056
17,1074
17,1086
17,1127
17,1160
17,1194
17,1201
17,1239
17,1244
17,1299
17,1306
17,1388
17,1402
17,1417
17,1422
17,1515
17,1527
17,1552
17,1560
17,1622
17,1639
17,1652
17,1654
17,1665
17,1709
17,1733
17,1746
17,1808
17,1975
17,2023
17,2056
17,2098
17,2130
17,2154
17,2181
17,2197
17,2262
17,2276
17,2316
17,2364
17,2373
17,2433
17,2533
17,2634
17,2664
17,2743
17,2773
17,2779
17,2786
17,2823
17,2824
17,2922
17,2981
17,2993
17,3005
17,3031
17,3059
17,3178
17,3179
17,3183
17,3202
17,3212
17,3298
17,3343
17,3373
17,3403
17,3451
17,3455
17,3473
17,3503
17,3630
17,3690
17,3699
17,3741
17,3748
17,3789
17,3807
17,3839
17,3911
17,3945
17,3967
17,3968
17,4002
17,4015
17,4087
17,4112
17,4134
17,4149
17,4162
17,4165
17,4218
17,4240
17,4252
17,4276
17,4287
17,4350
17,4351
17,4377
17,4390
17,4488
17,4505
17,4575
17,4616
17,4651
17,4665
17,4692
17,4724
17,4728
17,4743
17,4786
17,4796
17,4817
17,4834
17,4837
17,4878
17,4902
17,4963
17,4987
17,5009
17,5055
17,5081
17,5102
17,5174
17,5178
17,5235
17,5349
17,5352
17,5397
17,5403
17,5436
17,5452
17,5459
17,5515
17,5525
17,5570
17,5631
17,5688
17,5710
17,5718
17,5747
17,5777
17,5839
17,5852
17,5858
17,5863
17,5915
17,5942
17,5963
17,5968
17,6105
17,6127
17,6169
17,6185
17,6218
17,6230
17,6283
17,6284
17,6292
17,6314
17,6317
17,6362
17,6425
17,6455
17,6466
17,6588
17,6606
17,6608
17,6687
17,6700
17,6725
17,6730
17,6731
17,6746
17,6751
17,6758
17,6803
17,6814
17,6820
17,6887
17,6902
17,6935
17,7047
17,7061
17,7091
17,7118
17,7161
17,7279
17,7293
17,7345
17,7347
17,7360
17,7439
17,7491
17,7557
17,7639
17,7693
17,7718
17,7749
17,7780
17,7822
17,7831
17,7844
17,8070
17,8112
17,8248
17,8263
17,8291
17,8317
17,8324
17,8358
17,8362
17,8367
17,8436
17,8523
17,8526
17,8537
17,8610
17,8615
17,8653
17,8692
17,8831
17,8895
17,8926
17,8935
17,9084
17,9087
17,9149
17,9169
17,9231
17,9245
17,9252
17,9345
17,9391
17,9411
17,9537
17,9569
17,9585
17,9605
17,9631
17,9646
17,9755
17,9782
17,9923
17,9947
17,9954
17,9959
17,10047
17,10095
17,10131
17,10132
17,10142
17,10208
17,10226
17,10260
17,10276
17,10346
17,10355
17,10455
17,10456
17,10475
17,10482
17,10513
17,10541
17,10575
17,10593
17,10614
17,10668
17,10688
17,10799
17,10801
17,10805
17,10822
17,10830
17,10836
17,10845
17,10896
17,10901
17,10922
17,11011
17,11154
17,11184
17,11203
17,11341
17,11367
17,11395
17,11415
17,11418
17,11435
17,11480
17,11528
17,11549
17,11577
17,11607
17,11657
17,11720
17,11751
17,11771
17,11817
17,11839
17,11864
17,11921
17,11999
17,12017
17,12072
17,12080
17,12141
17,12152
17,12185
17,12195
17,12208
17,12241
17,12268
17,12273
17,12282
17,12318
17,12353
17,12369
17,12411
17,12412
17,12447
17,12454
17,12465
17,12470
17,12483
17,12485
17,12542
17,12551
17,12564
17,12583
17,12631
17,12648
17,12659
17,12669
17,12679
17,12692
17,12701
17,12733
17,12749
17,12758
17,12856
17,12909
17,13003
17,13009
17,13022
17,13039
17,13093
17,13101
17,13225
17,13325
17,13327
17,13378
17,13416
17,13417
17,13426
17,13453
17,13477
17,13505
17,13536
17,13582
17,13597
17,13604
17,13609
17,13633
17,13641
17,13671
17,13698
17,13715
17,13743
17,13786
17,13794
17,13824
17,13855
17,13984
17,14091
17,14095
17,14102
17,14103
17,14105
17,14152
17,14191
17,14235
17,14243
17,14256
18,135
18,138
18,151
18,170
18,182
18,209
18,253
18,274
18,307
18,326
18,355
18,393
18,399
18,494
18,501
18,505
18,510
18,519
18,567
18,586
18,620
18,705
18,713
18,783
18,828
18,896
18,908
18,914
18,950
18,999
18,1032
18,1062
18,1089
18,1137
18,1162
18,1193
18,1199
18,1202
18,1212
18,1226
18,1237
18,1251
18,1276
18,1279
18,1370
18,1402
18,1413
18,1414
18,1500
18,1502
18,1540
18,1586
18,1611
18,1614
18,1625
18,1627
18,1745
18,1809
18,1817
18,1870
18,1916
18,1950
18,2038
18,2068
18,2081
18,2083
18,2087
18,2089
18,2100
18,2135
18,2154
18,2229
18,2244
18,2248
18,2282
18,2303
18,2317
18,2369
18,2396
18,2434
18,2438
18,2512
18,2519
18,2522
18,2536
18,2592
18,2604
18,2631
18,2647
18,2656
18,2725
18,2726
18,2760
18,2796
18,2829
18,2847
18,2862
18,2875
18,2949
18,3005
18,3047
18,3108
18,3110
18,3151
18,3154
18,3159
18,3216
18,3229
18,3251
18,3258
18,3322
18,3369
18,3395
18,3397
18,3401
18,3442
18,3448
18,3453
18,3486
18,3510
18,3569
18,3648
18,3697
18,3699
18,3722
18,3839
18,3851
18,3865
18,3904
18,3913
18,3923
18,3954
18,4001
18,4044
18,4091
18,4142
18,4176
18,4238
18,4300
18,4314
18,4315
18,4328
18,4341
18,4419
18,4438
18,4446
18,4459
18,4559
18,4602
18,4615
18,4656
18,4679
18,4687
18,4718
18,4732
18,4744
18,4770
18,4771
18,4865
18,4880
18,4897
18,4924
18,4935
18,4937
18,4945
18,4976
18,4997
18,5010
18,5016
18,5059
18,5090
18,5170
18,5175
18,5195
18,5224
18,5228
18,5237
18,5267
18,5288
18,5309
18,5351
18,5367
18,5405
18,5434
18,5446
18,5459
18,5483
18,5542
18,5562
18,5592
18,5624
18,5683
18,5702
18,5746
18,5799
18,5803
18,5813
18,5835
18,5868
18,5907
18,5915
18,5931
18,5943
18,5955
18,5988
18,6097
18,6118
18,6147
18,6149
18,6196
18,6204
18,6226
18,6244
18,6253
18,6280
18,6336
18,6351
18,6394
18,6417
18,6479
18,6480
18,6521
18,6536
18,6547
18,6596
18,6612
18,6622
18,6640
18,6780
18,6846
18,6852
18,6895
18,6936
18,6953
18,6955
18,6963
18,6967
18,6975
18,6994
18,7083
18,7091
18,7142
18,7149
18,7179
18,7405
18,7501
18,7503
18,7517
18,7520
18,7549
18,7625
18,7638
18,7683
18,7691
18,7708
18,7711
18,7717
18,7719
18,7724
18,7731
18,7787
18,7806
18,7848
18,7864
18,7897
18,7911
18,7977
18,8005
18,8049
18,8092
18,8132
18,8185
18,8195
18,8199
18,8317
18,8327
18,8345
18,8355
18,8398
18,8485
18,8511
18,8560
18,8596
18,8652
18,8757
18,8789
18,8849
18,8851
18,8860
18,8862
18,8877
18,8890
18,8899
18,8924
18,8926
18,8959
18,8965
18,8970
18,8995
18,9007
18,9022
18,9063
18,9105
18,9154
18,9177
18,9186
18,9197
18,9265
18,9296
18,9340
18,9366
18,9461
18,9489
18,9527
18,9616
18,9731
18,9736
18,9829
18,9909
18,9972
18,9976
18,9980
18,9993
18,9997
18,10008
18,10032
18,10040
18,10074
18,10087
18,10094
18,10152
18,10164
18,10169
18,10194
18,10195
18,10232
18,10252
18,10285
18,10317
18,10420
18,10435
18,10438
18,10475
18,10482
18,10570
18,10617
18,10735
18,10767
18,10818
18,10861
18,10909
18,10930
18,10995
18,11080
18,11122
18,11176
18,11181
18,11203
18,11211
18,11248
18,11252
18,11265
18,11266
18,11267
18,11327
18,11357
18,11390
18,11415
18,11433
18,11436
18,11454
18,11460
18,11475
18,11526
18,11562
18,11567
18,11588
18,11610
18,11636
18,11674
18,11677
18,11753
18,11761
18,11820
18,11904
18,11924
18,11943
18,11946
18,11955
18,12080
18,12109
18,12186
18,12208
18,12268
18,12283
18,12288
18,12312
18,12335
18,12362
18,12409
18,12470
18,12494
18,12515
18,12528
18,12562
18,12580
18,12615
18,12641
18,12649
18,12666
18,12678
18,12684
18,12701
18,12707
18,12731
18,12747
18,12758
18,12821
18,12830
18,12838
18,12844
18,12847
18,12948
18,12959
18,13021
18,13071
18,13208
18,13209
18,13221
18,13253
18,13270
18,13298
18,13308
18,13319
18,13352
18,13359
18,13431
18,13432
18,13465
18,13559
18,13574
18,13594
18,13656
18,13738
18,13761
18,13807
18,13853
18,13929
18,13948
18,13958
18,13969
18,14009
18,14065
18,14070
18,14071
18,14113
18,14206
18,14230
18,14235
18,14240
18,14248
18,14285
18,14303
19,34
19,59
19,87
19,95
19,99
19,150
19,160
19,161
19,195
19,273
19,285
19,299
19,315
19,395
19,445
19,500
19,503
19,518
19,532
19,553
19,705
19,728
19,784
19,790
19,799
19,831
19,836
19,849
19,879
19,895
19,900
19,928
19,957
19,971
19,991
19,1022
19,1036
19,1060
19,1098
19,1171
19,1224
19,1232
19,1267
19,1285
19,1295
19,1313
19,1347
19,1447
19,1575
19,1604
19,1619
19,1646
19,1688
19,1736
19,1755
19,1808
19,1833
19,1864
19,2040
19,2045
19,2060
19,2077
19,2096
19,2185
19,2291
19,2326
19,2333
19,2389
19,2403
19,2407
19,2420
19,2461
19,2485
19,2496
19,2514
19,2516
19,2559
19,2596
19,2642
19,2669
19,2684
19,2695
19,2747
19,2780
19,2841
19,2898
19,2903
19,2941
19,3018
19,3083
19,3086
19,3378
19,3395
19,3457
19,3504
19,3532
19,3573
19,3611
19,3659
19,3732
19,3756
19,3774
19,3787
19,3858
19,3864
19,3879
19,3893
19,3905
19,3946
19,4012
19,4016
19,4022
19,4076
19,4087
19,4088
19,4118
19,4253
19,4273
19,4284
19,4387
19,4416
19,4427
19,4444
19,4448
19,4480
19,4519
19,4610
19,4661
19,4708
19,4716
19,4720
19,4774
19,4811
19,4907
19,5034
19,5161
19,5178
19,5280
19,5309
19,5398
19,5410
19,5420
19,5469
19,5478
19,5508
19,5534
19,5542
19,5553
19,5589
19,5605
19,5611
19,5627
19,5647
19,5666
19,5669
19,5728
19,5782
19,5809
19,5854
19,5901
19,5918
19,5931
19,5956
19,5965
19,5978
19,5979
19,5988
19,6132
19,6172
19,6201
19,6249
19,6257
19,6321
19,6428
19,6430
19,6471
19,6473
19,6508
19,6527
19,6531
19,6598
19,6627
19,6661
19,6705
19,6727
19,6735
19,6785
19,6855
19,6906
19,7005
19,7113
19,7163
19,7193
19,7201
19,7236
19,7241
19,7257
19,7274
19,7276
19,7319
19,7324
19,7361
19,7362
19,7370
19,7393
19,7409
19,7448
19,7561
19,7628
19,7683
19,7687
19,7756
19,7830
19,7850
19,7851
19,7855
19,7873
19,7881
19,7937
19,8012
19,8028
19,8091
19,8191
19,8217
19,8240
19,8269
19,8323
19,8324
19,8325
19,8404
19,8416
19,8424
19,8471
19,8479
19,8485
19,8534
19,8573
19,8689
19,8760
19,8777
19,8839
19,8861
19,8888
19,8927
19,9029
19,9035
19,9048
19,9087
19,9118
19,9126
19,9129
19,9133
19,9149
19,9179
19,9289
19,9308
19,9312
19,9331
19,9445
19,9465
19,9490
19,9545
19,9608
19,9616
19,9620
19,9676
19,9677
19,9741
19,9755
19,9814
19,9909
19,9926
19,9928
19,9934
19,10019
19,10096
19,10109
19,10177
19,10224
19,10370
19,10436
19,10439
19,10446
19,10502
19,10552
19,10575
19,10600
19,10624
19,10633
19,10636
19,10698
19,10719
19,10728
19,10732
19,10774
19,10775
19,10779
19,10819
19,10833
19,10852
19,11034
19,11068
19,11134
19,11158
19,11179
19,11253
19,11364
19,11417
19,11419
19,11544
19,11556
19,11599
19,11825
19,11836
19,11959
19,12010
19,12021
19,12051
19,12068
19,12083
19,12089
19,12112
19,12136
19,12147
19,12183
19,12232
19,12256
19,12280
19,12300
19,12337
19,12380
19,12426
19,12429
19,12464
19,12467
19,12565
19,12592
19,12613
19,12681
19,12695
19,12750
19,12782
19,12902
19,12926
19,12942
19,13000
19,13012
19,13032
19,13082
19,13106
19,13193
19,13261
19,13265
19,13280
19,13301
19,13307
19,13337
19,13379
19,13441
19,13482
19,13527
19,13558
19,13592
19,13602
19,13622
19,13646
19,13652
19,13654
19,13719
19,13725
19,13749
19,13756
19,13767
19,13784
19,13794
19,13798
19,13805
19,13848
19,13953
19,14051
19,14154
19,14207
19,14250
19,14303
20,36
20,126
20,211
20,263
20,332
20,442
20,446
20,499
20,528
20,555
20,622
20,644
20,652
20,764
20,781
20,816
20,884
20,894
20,934
20,937
20,971
20,978
20,1028
20,1043
20,1072
20,1176
20,1406
20,1523
20,1553
20,1564
20,1572
20,1612
20,1680
20,1685
20,1699
20,1756
20,1761
20,1790
20,1791
20,1806
20,1873
20,1901
20,1926
20,1945
20,2183
20,2194
20,2196
20,2202
20,2221
20,2232
20,2235
20,2266
20,2277
20,2324
20,2395
20,2406
20,2454
20,2481
20,2508
20,2642
20,2692
20,2724
20,2736
20,2835
20,2879
20,2989
20,3127
20,3150
20,3210
20,3215
20,3221
20,3225
20,3243
20,3247
20,3279
20,3290
20,3293
20,3418
20,3464
20,3493
20,3504
20,3600
20,3628
20,3631
20,3649
20,3667
20,3695
20,3805
20,3931
20,3990
20,4062
20,4085
20,4151
20,4258
20,4297
20,4357
20,4389
20,4475
20,4502
20,4506
20,4801
20,4895
20,4926
20,4946
20,4954
20,4955
20,5085
20,5086
20,5170
20,5185
20,5188
20,5197
20,5247
20,5285
20,5295
20,5362
20,5363
20,5399
20,5451
20,5475
20,5483
20,5529
20,5546
20,5604
20,5656
20,5739
20,5740
20,5742
20,5777
20,5823
20,5836
20,5841
20,5915
20,5925
20,5953
20,5964
20,6071
20,6097
20,6098
20,6168
20,6181
20,6214
20,6272
20,6313
20,6325
20,6329
20,6334
20,6377
20,6385
20,6395
20,6421
20,6456
20,6459
20,6474
20,6500
20,6566
20,6623
20,6660
20,6711
20,6731
20,6734
20,6803
20,6855
20,6877
20,6891
20,6896
20,6919
20,7007
20,7025
20,7055
20,7146
20,7215
20,7242
20,7373
20,7398
20,7452
20,7491
20,7503
20,7504
20,7509
20,7522
20,7560
20,7580
20,7591
20,7602
20,7623
20,7667
20,7715
20,7732
20,7736
20,7870
20,7889
20,7920
20,7937
20,7945
20,7976
20,8008
20,8009
20,8012
20,8063
20,8087
20,8118
20,8168
20,8202
20,8277
20,8303
20,8440
20,8476
20,8544
20,8574
20,8593
20,8600
20,8607
20,8735
20,8793
20,8913
20,8958
20,9061
20,9097
20,9125
20,9147
20,9228
20,9322
20,9360
20,9393
20,9413
20,9419
20,9452
20,9476
20,9495
20,9563
20,9692
20,9727
20,9731
20,9735
20,9834
20,9893
20,9938
20,9989
20,10029
20,10051
20,10110
20,10111
20,10155
20,10181
20,10477
20,10500
20,10592
20,10635
20,10638
20,10740
20,10753
20,10798
20,10857
20,10872
20,10926
20,10939
20,11016
20,11062
20,11068
20,11076
20,11105
20,11139
20,11161
20,11178
20,11187
20,11208
20,11267
20,11280
20,11282
20,11311
20,11392
20,11422
20,11570
20,11591
20,11765
20,11774
20,11820
20,11826
20,11862
20,11879
20,11980
20,11982
20,12048
20,12070
20,12255
20,12281
20,12287
20,12327
20,12422
20,12465
20,12559
20,12560
20,12685
20,12688
20,12770
20,12783
20,12915
20,12930
20,12989
20,13002
20,13073
20,13076
20,13112
20,13129
20,13163
20,13206
20,13293
20,13323
20,13350
20,13381
20,13401
20,13409
20,13448
20,13466
20,13483
20,13507
20,13516
20,13563
20,13628
20,13649
20,13674
20,13684
20,13695
20,13780
20,13787
20,13835
20,13836
20,13847
20,13947
20,13965
20,13986
20,14027
20,14041
20,14046
20,14239
20,14275
20,14280
20,14295
20,14304
21,46
21,111
21,192
21,223
21,239
21,345
21,384
21,528
21,532
21,551
21,609
21,630
21,774
21,812
21,861
21,1024
21,1026
21,1101
21,1159
21,1215
21,1243
21,1299
21,1302
21,1358
21,1363
21,1558
21,1604
21,1611
21,1629
21,1753
21,1869
21,1905
21,1959
21,2143
21,2149
21,2222
21,2325
21,2362
21,2436
21,2467
21,2515
21,2604
21,2630
21,2761
21,2800
21,2845
21,3035
21,3051
21,3130
21,3144
21,3191
21,3224
21,3255
21,3376
21,3378
21,3531
21,3539
21,3551
21,3598
21,3649
21,3821
21,3863
21,3960
21,3968
21,3974
21,4117
21,4241
21,4370
21,4447
21,4490
21,4633
21,4659
21,4712
21,4790
21,4832
21,4842
21,4929
21,5095
21,5117
21,5125
21,5139
21,5196
21,5314
21,5357
21,5433
21,5434
21,5445
21,5464
21,5521
21,5522
21,5529
21,5637
21,5648
21,5660
21,5669
21,5752
21,5848
21,6001
21,6078
21,6111
21,6249
21,6261
21,6273
21,6603
21,6679
21,6703
21,6782
21,6839
21,6840
21,6986
21,7001
21,7025
21,7138
21,7163
21,7279
21,7309
21,7320
21,7326
21,7390
21,7462
21,7474
21,7494
21,7506
21,7537
21,7548
21,7616
21,7625
21,7777
21,7793
21,7912
21,7983
21,8022
21,8124
21,8125
21,8213
21,8230
21,8247
21,8273
21,8293
21,8344
21,8443
21,8469
21,8470
21,8675
21,8705
21,8716
21,8756
21,8781
21,8847
21,8930
21,9023
21,9068
21,9134
21,9186
21,9205
21,9244
21,9296
21,9361
21,9395
21,9545
21,9684
21,9738
21,9761
21,9788
21,9804
21,9805
21,9811
21,9872
21,9876
21,9955
21,10130
21,10159
21,10247
21,10254
21,10291
21,10326
21,10390
21,10430
21,10625
21,10694
21,10754
21,10826
21,10849
21,10888
21,10893
21,10950
21,10986
21,11058
21,11107
21,11119
21,11168
21,11256
21,11267
21,11321
21,11337
21,11356
21,11442
21,11470
21,11486
21,11519
21,11575
21,11695
21,11733
21,11748
21,11774
21,11818
21,11866
21,11918
21,11930
21,11951
21,12116
21,12210
21,12337
21,12474
21,12579
21,12604
21,12645
21,12661
21,12675
21,12759
21,12816
21,12818
21,12827
21,12843
21,12845
21,12943
21,12950
21,12954
21,12979
21,12989
21,13014
21,13023
21,13235
21,13271
21,13316
21,13422
21,13428
21,13442
21,13447
21,13490
21,13549
21,13570
21,13621
21,13680
21,13733
21,13738
21,13814
21,13873
21,13884
21,13899
21,13989
21,14034
21,14043
21,14081
21,14089
21,14201
21,14303
21,14309
22,68
22,106
22,139
22,149
22,150
22,159
22,240
22,247
22,338
22,367
22,380
22,400
22,448
22,527
22,558
22,595
22,599
22,781
22,804
22,831
22,872
22,891
22,1046
22,1063
22,1092
22,1102
22,1104
22,1117
22,1252
22,1320
22,1354
22,1396
22,1417
22,1451
22,1467
22,1477
22,1493
22,1524
22,1531
22,1544
22,1665
22,1670
22,1673
22,1742
22,1854
22,1936
22,1964
22,1982
22,2007
22,2220
22,2222
22,2243
22,2283
22,2292
22,2302
22,2440
22,2446
22,2487
22,2516
22,2531
22,2577
22,2594
22,2639
22,2659
22,2665
22,2714
22,2736
22,2775
22,2827
22,2938
22,2966
22,3038
22,3101
22,3135
22,3192
22,3225
22,3228
22,3263
22,3314
22,3375
22,3385
22,3404
22,3484
22,3502
22,3518
22,3542
22,3584
22,3604
22,3679
22,3751
22,3807
22,4015
22,4030
22,4047
22,4091
22,4134
22,4151
22,4155
22,4170
22,4185
22,4196
22,4310
22,4313
22,4318
22,4388
22,4436
22,4443
22,4444
22,4470
22,4487
22,4504
22,4628
22,4638
22,4801
22,4827
22,4851
22,4853
22,5020
22,5050
22,5055
22,5123
22,5171
22,5173
22,5193
22,5197
22,5234
22,5243
22,5255
22,5262
22,5369
22,5384
22,5488
22,5506
22,5548
22,5549
22,5651
22,5862
22,6104
22,6222
22,6236
22,6276
22,6281
22,6284
22,6293
22,6330
22,6360
22,6410
22,6416
22,6423
22,6434
22,6454
22,6467
22,6477
22,6558
22,6564
22,6592
22,6593
22,6599
22,6601
22,6663
22,6690
22,6732
22,6809
22,6819
22,6861
22,6869
22,6871
22,6943
22,7000
22,7008
22,7012
22,7042
22,7050
22,7185
22,7288
22,7348
22,7420
22,7429
22,7448
22,7504
22,7549
22,7621
22,7625
22,7637
22,7651
22,7920
22,7948
22,8007
22,8057
22,8072
22,8094
22,8113
22,8236
22,8243
22,8319
22,8336
22,8422
22,8473
22,8537
22,8584
22,8595
22,8663
22,8677
22,8729
22,8902
22,9013
22,9082
22,9254
22,9255
22,9275
22,9309
22,9413
22,9418
22,9437
22,9445
22,9474
22,9485
22,9493
22,9544
22,9581
22,9628
22,9670
22,9692
22,9790
22,9802
22,9869
22,9881
22,9896
22,9901
22,9929
22,9966
22,9971
22,9980
22,10077
22,10171
22,10178
22,10199
22,10203
22,10207
22,10395
22,10481
22,10511
22,10630
22,10639
22,10763
22,10832
22,10841
22,10858
22,10873
22,10981
22,11032
22,11120
22,11124
22,11209
22,11213
22,11240
22,11272
22,11280
22,11282
22,11433
22,11460
22,11492
22,11499
22,11509
22,11597
22,11652
22,11686
22,11704
22,11791
22,11837
22,11917
22,11939
22,12029
22,12075
22,12128
22,12210
22,12431
22,12507
22,12643
22,12648
22,12662
22,12759
22,12850
22,12865
22,12992
22,13058
22,13071
22,13130
22,13179
22,13277
22,13308
22,13343
22,13426
22,13462
22,13498
22,13507
22,13539
22,13568
22,13608
22,13737
22,13801
22,13804
22,13831
22,13870
22,14032
22,14203
22,14219
22,14223
22,14313
23,29
23,52
23,57
23,142
23,179
23,185
23,268
23,350
23,378
23,416
23,455
23,502
23,611
23,804
23,826
23,884
23,920
23,944
23,956
23,991
23,1042
23,1112
23,1136
23,1144
23,1151
23,1232
23,1241
23,1288
23,1461
23,1511
23,1563
23,1576
23,1648
23,1684
23,1735
23,1930
23,1993
23,2005
23,2045
23,2047
23,2048
23,2182
23,2199
23,2215
23,2276
23,2279
23,2292
23,2322
23,2350
23,2405
23,2422
23,2431
23,2433
23,2451
23,2485
23,2520
23,2681
23,2689
23,2703
23,2722
23,2741
23,2786
23,2869
23,3044
23,3051
23,3188
23,3194
23,3275
23,3283
23,3289
23,3297
23,3317
23,3374
23,3527
23,3593
23,3633
23,3753
23,3955
23,4023
23,4107
23,4129
23,4147
23,4160
23,4183
23,4189
23,4282
23,4321
23,4416
23,4466
23,4495
23,4578
23,4594
23,4611
23,4652
23,4699
23,4718
23,4747
23,4843
23,4846
23,4870
23,4913
23,4920
23,4949
23,4985
23,5071
23,5087
23,5142
23,5181
23,5200
23,5222
23,5336
23,5352
23,5380
23,5505
23,5563
23,5573
23,5656
23,5669
23,5691
23,5716
23,5727
23,5797
23,5824
23,5850
23,5857
23,5913
23,5935
23,5946
23,5997
23,6019
23,6075
23,6115
23,6193
23,6199
23,6247
23,6281
23,6294
23,6351
23,6392
23,6502
23,6514
23,6601
23,6639
23,6724
23,6738
23,6892
23,6954
23,7199
23,7328
23,7441
23,7481
23,7488
23,7493
23,7507
23,7524
23,7537
23,7552
23,7640
23,7710
23,7741
23,7762
23,7780
23,7794
23,7808
23,7894
23,7935
23,7955
23,7958
23,8005
23,8103
23,8122
23,8245
23,8264
23,8411
23,8429
23,8469
23,8562
23,8584
23,8738
23,8739
23,8762
23,8788
23,8854
23,8891
23,9069
23,9100
23,9120
23,9152
23,9168
23,9216
23,9320
23,9342
23,9430
23,9458
23,9459
23,9541
23,9612
23,9684
23,9711
23,9712
23,9717
23,9729
23,9743
23,9838
23,9876
23,9929
23,9937
23,9945
23,10087
23,10131
23,10180
23,10221
23,10261
23,10328
23,10335
23,10388
23,10447
23,10482
23,10527
23,10592
23,10602
23,10689
23,10721
23,10783
23,10799
23,10822
23,10973
23,10988
23,11003
23,11005
23,11027
23,11033
23,11079
23,11090
23,11145
23,11184
23,11245
23,11253
23,11278
23,11297
23,11610
23,11611
23,11674
23,11688
23,11702
23,11717
23,11785
23,11794
23,11821
23,11988
23,12080
23,12088
23,12253
23,12321
23,12351
23,12374
23,12388
23,12406
23,12411
23,12548
23,12550
23,12554
23,12560
23,12608
23,12685
23,12693
23,12704
23,12724
23,12743
23,12828
23,12885
23,12888
23,12935
23,13011
23,13141
23,13159
23,13203
23,13207
23,13244
23,13287
23,13309
23,13343
23,13445
23,13454
23,13466
23,13586
23,13642
23,13707
23,13720
23,13722
23,13750
23,13795
23,13802
23,13828
23,13834
23,13848
23,13850
23,13863
23,13880
23,13958
23,14050
23,14059
23,14069
23,14076
23,14202
23,14232
23,14242
23,14244
23,14290
23,14299
23,14319
23,14322
24,12
24,48
24,53
24,86
24,270
24,307
24,361
24,384
24,505
24,543
24,613
24,653
24,691
24,697
24,759
24,931
24,955
24,1010
24,1019
24,1024
24,1044
24,1104
24,1136
24,1164
24,1174
24,1295
24,1314
24,1395
24,1543
24,1586
24,1719
24,1729
24,1732
24,1859
24,1875
24,1898
24,1913
24,2164
24,2223
24,2389
24,2415
24,2454
24,2609
24,2614
24,2670
24,2696
24,2728
24,2749
24,2790
24,2810
24,2872
24,2874
24,3045
24,3286
24,3302
24,3470
24,3540
24,3543
24,3615
24,3662
24,3696
24,3699
24,3725
24,3757
24,3930
24,3937
24,3973
24,4018
24,4021
24,4201
24,4230
24,4249
24,4299
24,4302
24,4323
24,4326
24,4382
24,4399
24,4469
24,4571
24,4709
24,4752
24,4795
24,4836
24,4876
24,4895
24,4908
24,4957
24,4963
24,4974
24,5009
24,5010
24,5014
24,5020
24,5131
24,5143
24,5339
24,5341
24,5346
24,5418
24,5535
24,5652
24,5765
24,5767
24,5792
24,5874
24,5938
24,6008
24,6043
24,6065
24,6164
24,6186
24,6506
24,6610
24,6669
24,6685
24,6772
24,6825
24,6872
24,6972
24,7167
24,7180
24,7250
24,7268
24,7386
24,7422
24,7428
24,7442
24,7454
24,7515
24,7580
24,7592
24,7664
24,7685
24,7918
24,7934
24,7971
24,8084
24,8120
24,8144
24,8200
24,8209
24,8255
24,8268
24,8310
24,8341
24,8413
24,8439
24,8492
24,8601
24,8609
24,8610
24,8732
24,8748
24,8852
24,8971
24,8977
24,9074
24,9076
24,9137
24,9189
24,9213
24,9279
24,9327
24,9480
24,9501
24,9635
24,9744
24,9861
24,9869
24,10032
24,10124
24,10161
24,10360
24,10517
24,10604
24,10645
24,10702
24,10716
24,10726
24,10774
24,10819
24,10893
24,10986
24,11040
24,11103
24,11224
24,11246
24,11251
24,11265
24,11301
24,11313
24,11356
24,11377
24,11409
24,11443
24,11477
24,11496
24,11532
24,11625
24,11632
24,11754
24,11791
24,11797
24,11938
24,12087
24,12129
24,12215
24,12358
24,12371
24,12648
24,12762
24,12836
24,12897
24,13149
24,13326
24,13378
24,13472
24,13480
24,13521
24,13529
24,13544
24,13758
24,13783
24,13807
24,13847
24,14013
24,14040
24,14172
24,14211
25,35
25,91
25,121
25,148
25,194
25,195
25,222
25,348
25,381
25,389
25,405
25,430
25,689
25,705
25,777
25,816
25,818
25,845
25,953
25,983
25,1132
25,1179
25,1189
25,1204
25,1215
25,1242
25,1322
25,1352
25,1368
25,1373
25,1386
25,1395
25,1477
25,1503
25,1510
25,1569
25,1576
25,1667
25,1670
25,1701
25,1745
25,1766
25,1792
25,1838
25,1852
25,1985
25,1988
25,2000
25,2009
25,2092
25,2105
25,2167
25,2192
25,2198
25,2209
25,2264
25,2304
25,2365
25,2466
25,2547
25,2548
25,2597
25,2664
25,2696
25,2734
25,2735
25,2752
25,2880
25,3098
25,3200
25,3214
25,3271
25,3462
25,3493
25,3593
25,3608
25,3764
25,3830
25,3949
25,3954
25,4025
25,4028
25,4050
25,4056
25,4202
25,4275
25,4353
25,4413
25,4423
25,4452
25,4473
25,4495
25,4500
25,4523
25,4562
25,4607
25,4691
25,4735
25,4860
25,5082
25,5101
25,5125
25,5174
25,5188
25,5212
25,5234
25,5240
25,5375
25,5445
25,5503
25,5597
25,5687
25,5688
25,5720
25,5779
25,5837
25,5848
25,5900
25,5910
25,6016
25,6033
25,6221
25,6248
25,6311
25,6320
25,6391
25,6460
25,6462
25,6682
25,6799
25,6861
25,6887
25,6910
25,6964
25,6982
25,6995
25,7037
25,7046
25,7123
25,7231
25,7249
25,7259
25,7310
25,7374
25,7408
25,7410
25,7536
25,7545
25,7740
25,7840
25,7906
25,7911
25,7938
25,7945
25,8253
25,8349
25,8467
25,8480
25,8505
25,8534
25,8631
25,8708
25,8743
25,8761
25,8784
25,8842
25,8847
25,8980
25,9116
25,9171
25,9192
25,9306
25,9376
25,9458
25,9530
25,9559
25,9641
25,9656
25,9729
25,9768
25,9817
25,9853
25,9883
25,9911
25,9914
25,9995
25,10003
25,10050
25,10128
25,10205
25,10315
25,10330
25,10338
25,10393
25,10409
25,10434
25,10483
25,10504
25,10607
25,10638
25,10661
25,10755
25,10756
25,10810
25,10833
25,10851
25,10854
25,10880
25,10997
25,11103
25,11197
25,11266
25,11301
25,11306
25,11326
25,11444
25,11488
25,11507
25,11550
25,11577
25,11679
25,11736
25,11854
25,11877
25,11933
25,12000
25,12024
25,12112
25,12151
25,12157
25,12175
25,12189
25,12250
25,12262
25,12403
25,12515
25,12555
25,12639
25,12680
25,12692
25,12850
25,12852
25,13059
25,13079
25,13110
25,13607
25,13629
25,13643
25,13680
25,13737
25,13803
25,13806
25,14083
25,14211
26,32
26,47
26,83
26,211
26,252
26,279
26,290
26,326
26,335
26,364
26,415
26,511
26,534
26,604
26,658
26,675
26,701
26,734
26,771
26,778
26,898
26,1014
26,1116
26,1191
26,1230
26,1236
26,1254
26,1324
26,1363
26,1396
26,1406
26,1411
26,1473
26,1496
26,1599
26,1620
26,1674
26,1750
26,1751
26,1764
26,1875
26,1895
26,1931
26,1939
26,1942
26,2054
26,2167
26,2278
26,2333
26,2439
26,2445
26,2472
26,2477
26,2569
26,2578
26,2600
26,2619
26,2653
26,2669
26,2717
26,2767
26,2835
26,2840
26,2861
26,3019
26,3052
26,3077
26,3116
26,3158
26,3211
26,3244
26,3273
26,3344
26,3406
26,3533
26,3580
26,3627
26,3641
26,3647
26,3694
26,3745
26,3846
26,3866
26,3938
26,4078
26,4093
26,4192
26,4312
26,4325
26,4332
26,4524
26,4579
26,4593
26,4595
26,4622
26,4698
26,4729
26,4740
26,4747
26,4754
26,4780
26,4823
26,4843
26,4930
26,4942
26,4962
26,5104
26,5281
26,5295
26,5336
26,5371
26,5437
26,5515
26,5528
26,5533
26,5565
26,5696
26,5724
26,5790
26,5855
26,5867
26,5898
26,5919
26,5974
26,6096
26,6155
26,6236
26,6245
26,6383
26,6397
26,6412
26,6423
26,6465
26,6549
26,6605
26,6625
26,6631
26,6720
26,6744
26,6829
26,6836
26,7075
26,7123
26,7186
26,7204
26,7215
26,7269
26,7274
26,7285
26,7352
26,7362
26,7378
26,7404
26,7444
26,7485
26,7532
26,7535
26,7635
26,7647
26,7662
26,7685
26,7730
26,7749
26,7805
26,7817
26,8003
26,8037
26,8065
26,8139
26,8155
26,8227
26,8243
26,8511
26,8523
26,8563
26,8603
26,8670
26,8795
26,9001
26,9012
26,9031
26,9047
26,9122
26,9211
26,9240
26,9326
26,9349
26,9363
26,9389
26,9402
26,9414
26,9503
26,9547
26,9556
26,9645
26,9718
26,9828
26,9837
26,9856
26,9857
26,9866
26,9968
26,10019
26,10054
26,10067
26,10079
26,10130
26,10152
26,10204
26,10412
26,10530
26,10558
26,10560
26,10616
26,10667
26,10694
26,10778
26,10864
26,10876
26,10878
26,10933
26,10936
26,10961
26,10988
26,10992
26,11021
26,11029
26,11052
26,11103
26,11104
26,11195
26,11199
26,11214
26,11267
26,11341
26,11352
26,11377
26,11379
26,11383
26,11398
26,11444
26,11498
26,11499
26,11545
26,11738
26,11760
26,11821
26,11917
26,11960
26,11965
26,12080
26,12129
26,12176
26,12235
26,12387
26,12417
26,12454
26,12468
26,12583
26,12599
26,12630
26,12657
26,12740
26,12799
26,12814
26,12842
26,12900
26,12911
26,12930
26,12937
26,13046
26,13050
26,13112
26,13146
26,13247
26,13305
26,13363
26,13375
26,13403
26,13407
26,13499
26,13592
26,13623
26,13712
26,13757
26,13816
26,13838
26,13845
26,13907
26,13993
26,13995
26,13999
26,14015
26,14024
26,14069
26,14199
26,14229
26,14243
26,14277
26,14302
27,8
27,34
27,121
27,125
27,396
27,410
27,419
27,499
27,594
27,611
27,647
27,670
27,737
27,823
27,836
27,961
27,1078
27,1165
27,1189
27,1194
27,1341
27,1363
27,1375
27,1403
27,1557
27,1622
27,1626
27,1720
27,1775
27,1840
27,1860
27,1952
27,2000
27,2040
27,2063
27,2154
27,2177
27,2242
27,2451
27,2530
27,2544
27,2702
27,2734
27,2771
27,2785
27,2889
27,2982
27,3009
27,3077
27,3134
27,3265
27,3295
27,3299
27,3372
27,3394
27,3573
27,3623
27,3642
27,3719
27,3770
27,3824
27,3890
27,3931
27,3970
27,3975
27,4120
27,4161
27,4166
27,4171
27,4185
27,4191
27,4244
27,4255
27,4314
27,4332
27,4368
27,4384
27,4489
27,4542
27,4591
27,4600
27,4666
27,4706
27,4730
27,4775
27,4852
27,4911
27,5055
27,5090
27,5249
27,5333
27,5394
27,5404
27,5412
27,5474
27,5541
27,5556
27,5601
27,5681
27,5683
27,5797
27,5874
27,5892
27,5905
27,6120
27,6160
27,6182
27,6242
27,6278
27,6384
27,6470
27,6480
27,6592
27,6617
27,6858
27,6895
27,6949
27,6958
27,7057
27,7086
27,7090
27,7172
27,7219
27,7264
27,7419
27,7458
27,7510
27,7533
27,7566
27,7580
27,7584
27,7617
27,7636
27,7638
27,7713
27,7754
27,7776
27,7824
27,7829
27,7855
27,7949
27,8013
27,8087
27,8106
27,8125
27,8156
27,8166
27,8268
27,8285
27,8381
27,8430
27,8573
27,8578
27,8627
27,8679
27,8757
27,8775
27,8816
27,8871
27,8926
27,8966
27,9008
27,9015
27,9017
27,9106
27,9133
27,9148
27,9202
27,9216
27,9273
27,9284
27,9420
27,9562
27,9642
27,9655
27,9773
27,9775
27,9897
27,10013
27,10062
27,10081
27,10115
27,10194
27,10420
27,10431
27,10470
27,10519
27,10579
27,10597
27,10651
27,10703
27,10771
27,10784
27,10825
27,10826
27,10853
27,10908
27,11092
27,11147
27,11309
27,11424
27,11460
27,11638
27,11677
27,11725
27,11745
27,12000
27,12068
27,12144
27,12171
27,12271
27,12288
27,12306
27,12368
27,12413
27,12430
27,12443
27,12484
27,12486
27,12497
27,12577
27,12609
27,12621
27,12691
27,12726
27,12735
27,13004
27,13043
27,13186
27,13274
27,13362
27,13725
27,13809
27,13816
27,13904
27,13937
27,13939
27,14029
27,14069
27,14104
27,14139
27,14146
27,14207
27,14274
27,14278
27,14293
28,12
28,16
28,43
28,152
28,249
28,267
28,277
28,301
28,317
28,341
28,377
28,385
28,426
28,502
28,596
28,656
28,720
28,733
28,799
28,818
28,910
28,974
28,1202
28,1416
28,1423
28,1424
28,1450
28,1473
28,1560
28,1582
28,1602
28,1684
28,1743
28,1946
28,2033
28,2086
28,2136
28,2202
28,2238
28,2285
28,2293
28,2304
28,2476
28,2526
28,2600
28,2655
28,2677
28,2766
28,2819
28,2870
28,2962
28,3103
28,3135
28,3177
28,3210
28,3244
28,3292
28,3352
28,3360
28,3381
28,3414
28,3473
28,3628
28,3661
28,3674
28,3729
28,3760
28,3799
28,3845
28,3846
28,3992
28,4054
28,4158
28,4177
28,4238
28,4377
28,4397
28,4443
28,4455
28,4509
28,4531
28,4542
28,4612
28,4827
28,4835
28,4933
28,4945
28,4981
28,5007
28,5058
28,5103
28,5120
28,5158
28,5300
28,5318
28,5430
28,5515
28,5592
28,5632
28,5642
28,5681
28,5740
28,5763
28,5780
28,5847
28,5855
28,5859
28,5902
28,5941
28,5960
28,5975
28,5981
28,6019
28,6101
28,6184
28,6366
28,6384
28,6511
28,6532
28,6742
28,6809
28,6857
28,6964
28,6974
28,6997
28,6999
28,7007
28,7084
28,7137
28,7150
28,7211
28,7359
28,7395
28,7401
28,7413
28,7522
28,7540
28,7545
28,7571
28,7678
28,7683
28,7735
28,7763
28,7793
28,7898
28,7986
28,8029
28,8196
28,8405
28,8482
28,8497
28,8616
28,8768
28,8934
28,8946
28,8990
28,9020
28,9037
28,9258
28,9263
28,9367
28,9380
28,9387
28,9408
28,9537
28,9551
28,9704
28,9767
28,9772
28,9810
28,9825
28,9842
28,9843
28,9927
28,10039
28,10086
28,10130
28,10254
28,10369
28,10395
28,10408
28,10422
28,10478
28,10498
28,10502
28,10836
28,10931
28,10953
28,11061
28,11108
28,11264
28,11365
28,11419
28,11440
28,11442
28,11474
28,11542
28,11569
28,11573
28,11609
28,11691
28,11729
28,11771
28,11861
28,11864
28,11934
28,11953
28,11955
28,11999
28,12033
28,12234
28,12410
28,12446
28,12457
28,12497
28,12500
28,12566
28,12592
28,12716
28,12729
28,12742
28,12799
28,12816
28,12819
28,12826
28,12866
28,12914
28,12934
28,12980
28,12988
28,13017
28,13179
28,13229
28,13326
28,13380
28,13392
28,13689
28,13816
28,13889
28,13944
28,14017
28,14075
28,14174
29,48
29,67
29,107
29,112
29,130
29,279
29,283
29,335
29,457
29,565
29,579
29,639
29,677
29,714
29,782
29,834
29,849
29,884
29,888
29,896
29,961
29,1037
29,1146
29,1162
29,1236
29,1255
29,1264
29,1283
29,1289
29,1305
29,1322
29,1325
29,1422
29,1555
29,1558
29,1668
29,1684
29,1694
29,1737
29,1739
29,1767
29,1800
29,1807
29,1905
29,1922
29,1958
29,2017
29,2053
29,2072
29,2126
29,2186
29,2203
29,2247
29,2267
29,2273
29,2304
29,2366
29,2391
29,2406
29,2512
29,2550
29,2668
29,2726
29,2867
29,2894
29,2908
29,2929
29,2931
29,2998
29,3048
29,3163
29,3239
29,3250
29,3362
29,3387
29,3512
29,3523
29,3583
29,3595
29,3612
29,3679
29,3717
29,3784
29,3794
29,3841
29,3919
29,3999
29,4026
29,4034
29,4038
29,4105
29,4145
29,4163
29,4199
29,4259
29,4270
29,4310
29,4364
29,4434
29,4465
29,4507
29,4591
29,4604
29,4640
29,4665
29,4694
29,4716
29,4718
29,4736
29,4784
29,4853
29,4897
29,4902
29,5044
29,5068
29,5088
29,5119
29,5150
29,5177
29,5237
29,5288
29,5335
29,5384
29,5471
29,5485
29,5580
29,5633
29,5741
29,5752
29,5892
29,5902
29,5907
29,5970
29,6028
29,6052
29,6104
29,6182
29,6190
29,6194
29,6274
29,6326
29,6333
29,6353
29,6411
29,6491
29,6495
29,6520
29,6542
29,6588
29,6603
29,6637
29,6639
29,6644
29,6656
29,6836
29,6961
29,6970
29,7105
29,7163
29,7166
29,7170
29,7214
29,7255
29,7291
29,7347
29,7357
29,7381
29,7413
29,7499
29,7582
29,7624
29,7688
29,7713
29,7742
29,7747
29,7749
29,7794
29,7848
29,7857
29,7890
29,7897
29,7905
29,8084
29,8103
29,8128
29,8177
29,8199
29,8201
29,8235
29,8317
29,8438
29,8584
29,8619
29,8682
29,8772
29,8903
29,8978
29,8993
29,9066
29,9137
29,9290
29,9291
29,9381
29,9423
29,9519
29,9634
29,9674
29,9722
29,9756
29,9766
29,9770
29,9844
29,9891
29,9916
29,9917
29,9982
29,9996
29,10000
29,10002
29,10139
29,10143
29,10265
29,10401
29,10412
29,10475
29,10485
29,10486
29,10503
29,10538
29,10706
29,10739
29,10778
29,10863
29,10937
29,10963
29,10964
29,10984
29,11026
29,11093
29,11135
29,11226
29,11354
29,11449
29,11478
29,11509
29,11542
29,11549
29,11583
29,11649
29,11677
29,11695
29,11713
29,11751
29,11755
29,11773
29,12008
29,12041
29,12055
29,12136
29,12162
29,12195
29,12225
29,12239
29,12348
29,12363
29,12399
29,12407
29,12409
29,12429
29,12449
29,12453
29,12528
29,12543
29,12562
29,12625
29,12644
29,12678
29,12744
29,12846
29,13016
29,13081
29,13092
29,13111
29,13155
29,13212
29,13266
29,13284
29,13287
29,13319
29,13440
29,13450
29,13454
29,13539
29,13574
29,13615
29,13618
29,13629
29,13678
29,13695
29,13706
29,13754
29,13774
29,13867
29,13881
29,13891
29,14003
29,14016
29,14087
29,14100
29,14123
29,14217
29,14259
29,14267
29,14275
29,14279
29,14311
30,6
30,78
30,91
30,149
30,159
30,163
30,242
30,258
30,303
30,361
30,415
30,437
30,522
30,676
30,680
30,723
30,731
30,787
30,813
30,853
30,960
30,986
30,1026
30,1073
30,1083
30,1087
30,1123
30,1182
30,1260
30,1383
30,1586
30,1592
30,1605
30,1619
30,1656
30,1676
30,1694
30,1702
30,1710
30,1743
30,1765
30,1794
30,1807
30,1810
30,1814
30,1854
30,1897
30,1977
30,2023
30,2029
30,2044
30,2121
30,2171
30,2197
30,2219
30,2223
30,2289
30,2378
30,2400
30,2464
30,2487
30,2507
30,2514
30,2567
30,2579
30,2607
30,2632
30,2651
30,2695
30,2838
30,2848
30,2900
30,2979
30,3014
30,3073
30,3131
30,3145
30,3166
30,3180
30,3254
30,3301
30,3305
30,3315
30,3484
30,3486
30,3509
30,3561
30,3573
30,3651
30,3663
30,3669
30,3717
30,3748
30,3837
30,4022
30,4050
30,4058
30,4069
30,4074
30,4113
30,4147
30,4177
30,4265
30,4296
30,4307
30,4351
30,4457
30,4490
30,4618
30,4670
30,4673
30,4687
30,4718
30,4900
30,4936
30,4950
30,4987
30,5080
30,5084
30,5090
30,5103
30,5108
30,5139
30,5160
30,5207
30,5217
30,5301
30,5305
30,5375
30,5389
30,5402
30,5416
30,5431
30,5433
30,5514
30,5532
30,5561
30,5607
30,5689
30,5695
30,5725
30,5775
30,5826
30,5839
30,5859
30,5884
30,5968
30,5986
30,6015
30,6137
30,6165
30,6197
30,6255
30,6271
30,6299
30,6323
30,6331
30,6386
30,6388
30,6436
30,6446
30,6537
30,6541
30,6551
30,6569
30,6641
30,6670
30,6693
30,6702
30,6703
30,6717
30,6728
30,6733
30,6765
30,6808
30,6837
30,6848
30,6902
30,6903
30,6952
30,6963
30,6980
30,6999
30,7015
30,7054
30,7111
30,7141
30,7188
30,7204
30,7207
30,7214
30,7248
30,7272
30,7294
30,7312
30,7319
30,7374
30,7407
30,7480
30,7570
30,7580
30,7619
30,7645
30,7649
30,7671
30,7685
30,7723
30,7745
30,7754
30,7759
30,7764
30,7789
30,7834
30,7844
30,7850
30,7853
30,7900
30,7956
30,7977
30,7984
30,8011
30,8099
30,8197
30,8201
30,8303
30,8320
30,8324
30,8397
30,8462
30,8484
30,8629
30,8643
30,8699
30,8702
30,8705
30,8771
30,8827
30,8868
30,8879
30,8902
30,8982
30,9004
30,9054
30,9096
30,9097
30,9211
30,9254
30,9277
30,9310
30,9323
30,9372
30,9385
30,9416
30,9436
30,9509
30,9511
30,9561
30,9763
30,9779
30,9835
30,9842
30,9843
30,9871
30,9885
30,9905
30,10009
30,10033
30,10045
30,10119
30,10120
30,10151
30,10215
30,10221
30,10232
30,10238
30,10292
30,10326
30,10380
30,10390
30,10423
30,10471
30,10497
30,10539
30,10643
30,10645
30,10650
30,10681
30,10686
30,10749
30,10754
30,10827
30,10851
30,10871
30,10888
30,10902
30,10906
30,10909
30,10927
30,10938
30,11042
30,11145
30,11191
30,11267
30,11312
30,11367
30,11382
30,11432
30,11476
30,11497
30,11528
30,11535
30,11600
30,11617
30,11690
30,11795
30,11851
30,11880
30,11967
30,12000
30,12030
30,12034
30,12073
30,12104
30,12117
30,12123
30,12129
30,12146
30,12162
30,12191
30,12226
30,12244
30,12253
30,12257
30,12337
30,12340
30,12381
30,12391
30,12393
30,12407
30,12419
30,12435
30,12476
30,12599
30,12612
30,12636
30,12675
30,12708
30,12732
30,12734
30,12768
30,12796
30,12804
30,12809
30,12837
30,12840
30,12855
30,12900
30,12910
30,12964
30,13033
30,13079
30,13115
30,13136
30,13146
30,13163
30,13224
30,13326
30,13329
30,13379
30,13479
30,13564
30,13567
30,13577
30,13586
30,13588
30,13684
30,13758
30,13760
30,13763
30,13778
30,13779
30,13787
30,13799
30,13813
30,13858
30,13878
30,13921
30,13977
30,14006
30,14049
30,14101
30,14291
30,14330
31,100
31,115
31,163
31,188
31,208
31,230
31,259
31,268
31,293
31,358
31,371
31,373
31,452
31,498
31,501
31,536
31,585
31,588
31,600
31,651
31,667
31,668
31,689
31,708
31,740
31,757
31,763
31,780
31,785
31,832
31,865
31,930
31,962
31,966
31,984
31,1004
31,1005
31,1052
31,1073
31,1118
31,1143
31,1238
31,1257
31,1269
31,1287
31,1308
31,1361
31,1376
31,1399
31,1409
31,1416
31,1513
31,1538
31,1539
31,1555
31,1571
31,1598
31,1600
31,1658
31,1684
31,1698
31,1740
31,1826
31,1827
31,1845
31,1886
31,1945
31,1953
31,1975
31,1984
31,1999
31,2007
31,2017
31,2020
31,2066
31,2078
31,2139
31,2199
31,2203
31,2218
31,2226
31,2232
31,2244
31,2310
31,2345
31,2349
31,2361
31,2363
31,2376
31,2394
31,2415
31,2422
31,2442
31,2461
31,2508
31,2529
31,2540
31,2545
31,2548
31,2576
31,2582
31,2603
31,2616
31,2621
31,2644
31,2661
31,2662
31,2696
31,2725
31,2743
31,2754
31,2779
31,2817
31,2841
31,2843
31,2845
31,2856
31,2867
31,2899
31,2911
31,2920
31,2950
31,2976
31,3064
31,3132
31,3144
31,3154
31,3172
31,3181
31,3191
31,3228
31,3271
31,3307
31,3349
31,3357
31,3382
31,3383
31,3456
31,3487
31,3522
31,3524
31,3527
31,3576
31,3694
31,3710
31,3725
31,3741
31,3742
31,3772
31,3779
31,3785
31,3799
31,3818
31,3834
31,3875
31,3880
31,3892
31,3957
31,4012
31,4016
31,4028
31,4068
31,4082
31,4099
31,4244
31,4271
31,4313
31,4346
31,4350
31,4368
31,4394
31,4400
31,4511
31,4540
31,4588
31,4602
31,4622
31,4649
31,4667
31,4677
31,4700
31,4716
31,4733
31,4741
31,4744
31,4754
31,4761
31,4893
31,4904
31,4933
31,4994
31,5064
31,5115
31,5142
31,5194
31,5221
31,5223
31,5248
31,5261
31,5308
31,5324
31,5325
31,5345
31,5404
31,5413
31,5455
31,5500
31,5549
31,5572
31,5593
31,5635
31,5657
31,5674
31,5676
31,5695
31,5711
31,5716
31,5802
31,5858
31,5879
31,5911
31,5939
31,5946
31,5981
31,6038
31,6043
31,6068
31,6092
31,6107
31,6120
31,6121
31,6152
31,6166
31,6180
31,6181
31,6187
31,6190
31,6194
31,6197
31,6221
31,6224
31,6227
31,6243
31,6272
31,6317
31,6358
31,6365
31,6390
31,6406
31,6420
31,6442
31,6449
31,6452
31,6455
31,6463
31,6518
31,6573
31,6601
31,6647
31,6695
31,6696
31,6849
31,6902
31,6937
31,6956
31,7015
31,7078
31,7136
31,7155
31,7156
31,7167
31,7178
31,7181
31,7200
31,7302
31,7338
31,7420
31,7425
31,7437
31,7476
31,7495
31,7539
31,7621
31,7657
31,7663
31,7666
31,7751
31,7786
31,7829
31,7838
31,7866
31,7945
31,8000
31,8003
31,8008
31,8066
31,8122
31,8166
31,8188
31,8189
31,8206
31,8213
31,8219
31,8239
31,8306
31,8334
31,8365
31,8377
31,8396
31,8397
31,8400
31,8421
31,8468
31,8474
31,8485
31,8528
31,8540
31,8585
31,8592
31,8597
31,8603
31,8657
31,8679
31,8687
31,8691
31,8716
31,8738
31,8742
31,8754
31,8834
31,8842
31,8846
31,8871
31,8892
31,8896
31,8957
31,8986
31,9020
31,9050
31,9132
31,9173
31,9219
31,9231
31,9249
31,9265
31,9284
31,9298
31,9299
31,9315
31,9383
31,9386
31,9410
31,9425
31,9446
31,9451
31,9482
31,9493
31,9505
31,9510
31,9522
31,9564
31,9616
31,9634
31,9655
31,9660
31,9667
31,9759
31,9778
31,9822
31,9826
31,9872
31,9902
31,9904
31,9919
31,9924
31,9953
31,9972
31,9979
31,9991
31,10010
31,10051
31,10098
31,10110
31,10156
31,10182
31,10193
31,10197
31,10200
31,10214
31,10222
31,10229
31,10235
31,10246
31,10290
31,10314
31,10317
31,10324
31,10333
31,10342
31,10359
31,10374
31,10458
31,10490
31,10502
31,10509
31,10550
31,10591
31,10616
31,10626
31,10651
31,10725
31,10745
31,10783
31,10784
31,10818
31,10835
31,10860
31,10863
31,10864
31,10907
31,10915
31,10961
31,10971
31,11002
31,11006
31,11030
31,11060
31,11141
31,11228
31,11230
31,11236
31,11251
31,11309
31,11324
31,11331
31,11335
31,11341
31,11384
31,11422
31,11496
31,11497
31,11524
31,11599
31,11604
31,11658
31,11671
31,11735
31,11775
31,11781
31,11842
31,11852
31,11864
31,11935
31,11962
31,11987
31,11992
31,12005
31,12014
31,12056
31,12088
31,12091
31,12104
31,12143
31,12161
31,12163
31,12171
31,12206
31,12208
31,12236
31,12259
31,12270
31,12297
31,12312
31,12328
31,12335
31,12344
31,12372
31,12397
31,12399
31,12417
31,12496
31,12498
31,12502
31,12509
31,12532
31,12535
31,12583
31,12595
31,12607
31,12608
31,12613
31,12705
31,12735
31,12784
31,12792
31,12839
31,12840
31,12849
31,12852
31,12903
31,12943
31,12946
31,12995
31,13099
31,13146
31,13163
31,13196
31,13206
31,13255
31,13277
31,13284
31,13295
31,13298
31,13325
31,13332
31,13395
31,13396
31,13415
31,13421
31,13458
31,13483
31,13488
31,13492
31,13498
31,13500
31,13528
31,13560
31,13579
31,13599
31,13635
31,13670
31,13675
31,13683
31,13709
31,13733
31,13762
31,13765
31,13783
31,13789
31,13809
31,13810
31,13811
31,13828
31,13855
31,13867
31,13933
31,13942
31,13951
31,13987
31,14007
31,14079
31,14115
31,14132
31,14156
31,14164
31,14167
31,14177
31,14195
31,14251
31,14331
