layer,neuron
2,3086
2,9840
2,17632
2,18477
4,119
4,293
4,1036
4,1097
4,2164
4,2333
4,6031
4,9134
4,9687
4,10408
4,10722
4,11941
4,12829
4,14525
4,15048
4,15152
4,15592
4,15818
4,16743
4,18163
4,18488
4,18771
5,2671
5,10759
5,11301
5,12174
5,15335
5,16546
5,17889
6,1393
6,2981
6,3060
6,4929
6,5028
6,7038
6,10284
6,11571
7,300
7,3330
7,5163
7,6387
7,6923
7,8726
7,10404
7,11782
7,13341
7,14013
7,16885
7,16938
7,16940
7,17095
7,17148
7,17414
7,18019
7,18597
8,98
8,705
8,1802
8,1918
8,3298
8,4197
8,4317
8,4694
8,4725
8,4927
8,5203
8,5302
8,5905
8,6300
8,6491
8,6954
8,6958
8,7544
8,7682
8,7694
8,7843
8,8292
8,8881
8,8968
8,9306
8,9391
8,9560
8,9867
8,10127
8,10176
8,10194
8,10298
8,10459
8,10902
8,11137
8,11273
8,11313
8,11472
8,12130
8,12161
8,12573
8,12865
8,13888
8,14346
8,14787
8,15345
8,15448
8,15829
8,16926
8,17038
8,17576
8,17664
8,17686
8,17710
8,18242
9,250
9,341
9,435
9,540
9,612
9,761
9,864
9,1082
9,1108
9,1333
9,1365
9,1570
9,1653
9,1729
9,1737
9,1894
9,1929
9,2041
9,2294
9,2310
9,2353
9,2542
9,2568
9,2669
9,2813
9,3178
9,3314
9,3386
9,3601
9,3651
9,3662
9,3665
9,4122
9,4264
9,4387
9,4554
9,4617
9,4886
9,4946
9,4977
9,5170
9,5558
9,5560
9,5616
9,5632
9,5883
9,6148
9,6236
9,6254
9,6354
9,6517
9,6543
9,6605
9,6613
9,7006
9,7016
9,7025
9,7084
9,7094
9,7466
9,7556
9,7596
9,8026
9,8103
9,8123
9,8130
9,8150
9,8205
9,8235
9,8252
9,8589
9,8663
9,8712
9,8802
9,8902
9,8988
9,9020
9,9035
9,9110
9,9178
9,9227
9,9284
9,9586
9,9696
9,9845
9,9985
9,10075
9,10150
9,10163
9,10427
9,10486
9,10510
9,10702
9,10772
9,10825
9,10844
9,10955
9,11048
9,11071
9,11231
9,11235
9,11432
9,11455
9,11808
9,12093
9,12152
9,12165
9,12169
9,12337
9,12521
9,12529
9,13510
9,13516
9,13601
9,13789
9,13826
9,14117
9,14228
9,14320
9,15252
9,15402
9,15531
9,15568
9,15569
9,15608
9,15652
9,15784
9,15838
9,16018
9,16111
9,16253
9,16262
9,16396
9,16402
9,16499
9,16721
9,16888
9,17088
9,17321
9,17379
9,17390
9,17505
9,17549
9,17621
9,18028
9,18165
9,18302
9,18504
9,18626
9,18694
9,18844
9,18873
9,18894
9,18911
10,33
10,95
10,217
10,231
10,298
10,309
10,329
10,459
10,468
10,478
10,602
10,651
10,740
10,854
10,870
10,931
10,1025
10,1059
10,1085
10,1096
10,1131
10,1135
10,1172
10,1246
10,1258
10,1277
10,1437
10,1474
10,1507
10,1539
10,1546
10,1587
10,1594
10,1703
10,1708
10,1798
10,1905
10,1996
10,2023
10,2119
10,2238
10,2258
10,2275
10,2333
10,2403
10,2447
10,2486
10,2510
10,2545
10,2552
10,2566
10,2590
10,2596
10,2648
10,2652
10,2665
10,2703
10,2733
10,2817
10,2911
10,2946
10,2998
10,3022
10,3081
10,3092
10,3141
10,3148
10,3220
10,3265
10,3424
10,3435
10,3473
10,3497
10,3507
10,3562
10,3730
10,3833
10,3875
10,3887
10,3889
10,3916
10,4020
10,4057
10,4126
10,4135
10,4376
10,4498
10,4606
10,4795
10,4797
10,4849
10,4877
10,4903
10,4909
10,4978
10,5035
10,5044
10,5055
10,5058
10,5098
10,5148
10,5153
10,5175
10,5199
10,5203
10,5223
10,5276
10,5282
10,5348
10,5407
10,5480
10,5496
10,5531
10,5540
10,5545
10,5561
10,5581
10,5596
10,5684
10,5799
10,5804
10,5868
10,5905
10,6039
10,6103
10,6105
10,6130
10,6272
10,6279
10,6307
10,6354
10,6386
10,6445
10,6481
10,6556
10,6564
10,6603
10,6677
10,6723
10,6831
10,6840
10,6852
10,6861
10,6888
10,6919
10,6963
10,6970
10,7002
10,7009
10,7040
10,7046
10,7063
10,7103
10,7186
10,7207
10,7277
10,7559
10,7629
10,7643
10,7695
10,7741
10,7776
10,7856
10,7929
10,7940
10,8061
10,8074
10,8212
10,8273
10,8280
10,8312
10,8313
10,8326
10,8375
10,8511
10,8560
10,8590
10,8644
10,8647
10,8663
10,8669
10,8687
10,8756
10,8784
10,8830
10,8894
10,8910
10,8924
10,9144
10,9146
10,9165
10,9173
10,9234
10,9255
10,9386
10,9491
10,9503
10,9530
10,9596
10,9606
10,9615
10,9654
10,9702
10,9703
10,9771
10,9812
10,9847
10,9935
10,9995
10,10015
10,10038
10,10248
10,10311
10,10366
10,10442
10,10455
10,10512
10,10532
10,10663
10,10674
10,10725
10,10739
10,10747
10,10817
10,10855
10,10860
10,10900
10,10908
10,10918
10,10925
10,10976
10,11010
10,11097
10,11138
10,11155
10,11232
10,11240
10,11259
10,11355
10,11369
10,11406
10,11420
10,11435
10,11484
10,11570
10,11597
10,11631
10,11783
10,11789
10,11869
10,11876
10,12023
10,12027
10,12032
10,12077
10,12121
10,12380
10,12414
10,12427
10,12446
10,12723
10,12807
10,12863
10,12874
10,13012
10,13126
10,13159
10,13349
10,13398
10,13427
10,13457
10,13514
10,13633
10,13647
10,13665
10,13702
10,13733
10,13939
10,13999
10,14044
10,14068
10,14180
10,14228
10,14238
10,14319
10,14472
10,14489
10,14497
10,14606
10,14629
10,14678
10,14692
10,14889
10,14890
10,14892
10,14899
10,14948
10,14975
10,15155
10,15174
10,15262
10,15330
10,15419
10,15425
10,15431
10,15532
10,15595
10,15710
10,15787
10,15814
10,15819
10,15829
10,15841
10,15931
10,15951
10,15965
10,15978
10,16081
10,16093
10,16230
10,16363
10,16403
10,16471
10,16478
10,16492
10,16494
10,16504
10,16507
10,16659
10,16714
10,16917
10,16963
10,17079
10,17329
10,17334
10,17346
10,17426
10,17450
10,17552
10,17642
10,17690
10,17719
10,17734
10,17829
10,17926
10,17968
10,17998
10,18004
10,18042
10,18398
10,18402
10,18411
10,18577
10,18619
10,18649
10,18683
10,18765
10,18807
11,86
11,117
11,126
11,145
11,223
11,226
11,290
11,475
11,479
11,641
11,690
11,769
11,873
11,989
11,994
11,1015
11,1047
11,1083
11,1121
11,1199
11,1275
11,1411
11,1422
11,1519
11,1644
11,1708
11,1830
11,1866
11,1884
11,1906
11,1931
11,2194
11,2343
11,2381
11,2487
11,2515
11,2518
11,2519
11,2684
11,2694
11,2713
11,2796
11,2875
11,2877
11,2912
11,2992
11,3093
11,3141
11,3330
11,3377
11,3424
11,3466
11,3507
11,3616
11,3619
11,3797
11,3869
11,3909
11,3925
11,4012
11,4099
11,4117
11,4123
11,4209
11,4231
11,4288
11,4503
11,4525
11,4583
11,4634
11,4646
11,4673
11,4684
11,4755
11,4920
11,4979
11,4994
11,5069
11,5133
11,5172
11,5175
11,5229
11,5296
11,5328
11,5505
11,5520
11,5555
11,5711
11,6013
11,6098
11,6100
11,6184
11,6206
11,6269
11,6299
11,6479
11,6492
11,6524
11,6539
11,6559
11,6661
11,6689
11,6746
11,6826
11,6840
11,6940
11,6965
11,7049
11,7100
11,7154
11,7157
11,7235
11,7363
11,7383
11,7427
11,7473
11,7493
11,7496
11,7511
11,7514
11,7646
11,7665
11,7685
11,7712
11,7766
11,7811
11,7873
11,7965
11,8207
11,8255
11,8338
11,8594
11,8597
11,8674
11,8731
11,8857
11,8975
11,8990
11,9097
11,9105
11,9128
11,9165
11,9167
11,9276
11,9544
11,9599
11,9618
11,9808
11,9811
11,9881
11,9885
11,10050
11,10083
11,10123
11,10196
11,10225
11,10228
11,10241
11,10249
11,10270
11,10323
11,10478
11,10514
11,10548
11,10573
11,10618
11,10623
11,10640
11,10697
11,11075
11,11090
11,11112
11,11440
11,11484
11,11519
11,11666
11,11699
11,11726
11,11903
11,11924
11,11933
11,11960
11,11979
11,12097
11,12173
11,12211
11,12338
11,12394
11,12583
11,12758
11,12795
11,12918
11,12957
11,13016
11,13110
11,13126
11,13182
11,13366
11,13388
11,13393
11,13441
11,13521
11,13575
11,13643
11,13655
11,13724
11,13742
11,13745
11,13780
11,13836
11,13904
11,13928
11,13980
11,14056
11,14092
11,14284
11,14318
11,14326
11,14492
11,14521
11,14726
11,14752
11,14761
11,15006
11,15030
11,15185
11,15189
11,15281
11,15464
11,15515
11,15538
11,15567
11,15583
11,15861
11,15877
11,15887
11,15938
11,16037
11,16103
11,16123
11,16295
11,16337
11,16414
11,16454
11,16578
11,16645
11,16723
11,16724
11,16812
11,16827
11,16896
11,16994
11,17025
11,17073
11,17102
11,17172
11,17187
11,17226
11,17327
11,17414
11,17546
11,17596
11,17771
11,17892
11,17906
11,17941
11,18007
11,18032
11,18040
11,18152
11,18179
11,18291
11,18301
11,18338
11,18340
11,18367
11,18474
11,18475
11,18481
11,18497
11,18598
11,18693
11,18798
11,18808
11,18832
12,148
12,157
12,217
12,220
12,286
12,362
12,373
12,382
12,399
12,874
12,1046
12,1053
12,1152
12,1543
12,1592
12,1748
12,1776
12,1786
12,1865
12,1885
12,1922
12,1985
12,2101
12,2136
12,2139
12,2142
12,2311
12,2325
12,2483
12,2557
12,2569
12,2635
12,2644
12,2657
12,2773
12,2857
12,2906
12,3048
12,3053
12,3220
12,3282
12,3449
12,3490
12,3663
12,3685
12,3691
12,3817
12,3869
12,3890
12,3907
12,4069
12,4149
12,4254
12,4260
12,4792
12,4888
12,5102
12,5119
12,5256
12,5317
12,5400
12,5515
12,5697
12,5757
12,5795
12,5892
12,5963
12,5978
12,6045
12,6084
12,6107
12,6224
12,6244
12,6329
12,6494
12,6509
12,6845
12,6909
12,6944
12,7022
12,7231
12,7232
12,7252
12,7261
12,7369
12,7517
12,7583
12,7601
12,7637
12,7669
12,7841
12,7870
12,7893
12,7906
12,7943
12,7961
12,8004
12,8095
12,8103
12,8125
12,8137
12,8197
12,8221
12,8244
12,8344
12,8431
12,8443
12,8755
12,8762
12,8858
12,8877
12,8920
12,8961
12,8963
12,9052
12,9089
12,9244
12,9332
12,9352
12,9546
12,9547
12,9578
12,9678
12,9722
12,9752
12,9772
12,9778
12,10004
12,10054
12,10055
12,10117
12,10142
12,10197
12,10248
12,10270
12,10502
12,10850
12,10903
12,10969
12,11029
12,11166
12,11183
12,11326
12,11354
12,11357
12,11522
12,11550
12,11708
12,11840
12,11981
12,11986
12,12130
12,12169
12,12191
12,12301
12,12334
12,12579
12,12649
12,12852
12,12857
12,12915
12,12930
12,12947
12,13040
12,13054
12,13211
12,13299
12,13341
12,13532
12,13534
12,13887
12,13969
12,14013
12,14063
12,14114
12,14227
12,14356
12,14446
12,14490
12,14577
12,14633
12,14726
12,14748
12,14793
12,14883
12,14893
12,14948
12,14952
12,14991
12,15020
12,15058
12,15182
12,15234
12,15404
12,15413
12,15557
12,15722
12,15743
12,15896
12,15982
12,16027
12,16029
12,16151
12,16176
12,16198
12,16205
12,16266
12,16555
12,16565
12,16880
12,17013
12,17082
12,17128
12,17382
12,17447
12,17538
12,17547
12,17579
12,17748
12,17793
12,18025
12,18178
12,18256
12,18353
12,18436
12,18464
12,18479
12,18566
12,18683
12,18695
12,18804
13,0
13,41
13,75
13,99
13,158
13,163
13,177
13,245
13,316
13,412
13,438
13,495
13,728
13,731
13,828
13,832
13,834
13,847
13,858
13,888
13,1014
13,1037
13,1090
13,1118
13,1151
13,1180
13,1273
13,1283
13,1353
13,1366
13,1378
13,1410
13,1411
13,1413
13,1414
13,1432
13,1440
13,1523
13,1526
13,1535
13,1539
13,1569
13,1696
13,1841
13,1842
13,1854
13,1880
13,1995
13,2018
13,2026
13,2058
13,2075
13,2085
13,2088
13,2098
13,2137
13,2166
13,2182
13,2232
13,2237
13,2264
13,2293
13,2307
13,2322
13,2339
13,2345
13,2369
13,2439
13,2534
13,2596
13,2650
13,2670
13,2699
13,2716
13,2774
13,2899
13,2906
13,2941
13,3054
13,3129
13,3214
13,3267
13,3311
13,3339
13,3385
13,3496
13,3572
13,3613
13,3621
13,3698
13,3704
13,3733
13,3737
13,3753
13,3799
13,3810
13,3872
13,3926
13,3948
13,3949
13,3950
13,3964
13,4008
13,4054
13,4112
13,4135
13,4161
13,4200
13,4284
13,4372
13,4385
13,4395
13,4431
13,4471
13,4472
13,4525
13,4548
13,4551
13,4597
13,4601
13,4624
13,4731
13,4741
13,4809
13,4829
13,4848
13,4879
13,4895
13,4969
13,5070
13,5117
13,5124
13,5154
13,5169
13,5173
13,5216
13,5217
13,5286
13,5314
13,5315
13,5331
13,5389
13,5611
13,5622
13,5643
13,5666
13,5692
13,5707
13,5712
13,5884
13,5889
13,5907
13,5936
13,5941
13,5956
13,5993
13,5995
13,5999
13,6040
13,6111
13,6189
13,6284
13,6311
13,6325
13,6364
13,6402
13,6444
13,6479
13,6484
13,6527
13,6605
13,6678
13,6706
13,6738
13,6799
13,6851
13,6852
13,6859
13,6906
13,6935
13,6976
13,7084
13,7089
13,7105
13,7146
13,7171
13,7207
13,7228
13,7244
13,7254
13,7261
13,7276
13,7293
13,7299
13,7331
13,7333
13,7347
13,7357
13,7493
13,7514
13,7523
13,7555
13,7569
13,7585
13,7609
13,7656
13,7661
13,7815
13,7817
13,7838
13,7879
13,7910
13,8001
13,8048
13,8095
13,8160
13,8232
13,8274
13,8279
13,8284
13,8340
13,8359
13,8414
13,8480
13,8483
13,8490
13,8493
13,8613
13,8615
13,8627
13,8681
13,8725
13,8748
13,8833
13,8845
13,8881
13,8949
13,9083
13,9091
13,9185
13,9321
13,9335
13,9351
13,9395
13,9444
13,9452
13,9468
13,9518
13,9539
13,9546
13,9572
13,9579
13,9614
13,9704
13,9706
13,9805
13,9841
13,9926
13,9958
13,9961
13,10070
13,10080
13,10087
13,10175
13,10202
13,10272
13,10322
13,10376
13,10403
13,10405
13,10439
13,10493
13,10592
13,10642
13,10717
13,10750
13,10831
13,10835
13,10845
13,10851
13,10874
13,10888
13,10899
13,10958
13,10959
13,11021
13,11043
13,11086
13,11143
13,11165
13,11236
13,11280
13,11297
13,11351
13,11404
13,11529
13,11551
13,11562
13,11640
13,11741
13,11767
13,11807
13,11837
13,11902
13,12014
13,12108
13,12126
13,12197
13,12299
13,12308
13,12330
13,12371
13,12386
13,12728
13,12762
13,12780
13,12794
13,12824
13,12839
13,12875
13,12895
13,12909
13,12978
13,12995
13,13008
13,13021
13,13049
13,13174
13,13189
13,13204
13,13247
13,13278
13,13306
13,13307
13,13325
13,13346
13,13364
13,13407
13,13434
13,13438
13,13450
13,13475
13,13486
13,13523
13,13544
13,13553
13,13748
13,13771
13,13811
13,13868
13,13904
13,13908
13,13909
13,13926
13,13965
13,13993
13,14076
13,14123
13,14176
13,14226
13,14228
13,14282
13,14335
13,14381
13,14383
13,14418
13,14427
13,14564
13,14758
13,14766
13,14790
13,14840
13,14847
13,14861
13,14880
13,14894
13,14896
13,15033
13,15064
13,15073
13,15085
13,15095
13,15117
13,15127
13,15134
13,15269
13,15313
13,15348
13,15382
13,15445
13,15569
13,15580
13,15589
13,15596
13,15654
13,15684
13,15736
13,15783
13,15842
13,15904
13,15947
13,16014
13,16062
13,16166
13,16247
13,16291
13,16369
13,16391
13,16567
13,16607
13,16659
13,16718
13,16722
13,16741
13,16755
13,16760
13,16777
13,16801
13,16831
13,16848
13,16910
13,16920
13,16925
13,17013
13,17060
13,17102
13,17153
13,17176
13,17198
13,17298
13,17390
13,17490
13,17569
13,17602
13,17611
13,17627
13,17644
13,17746
13,17752
13,17756
13,17774
13,17795
13,17894
13,17908
13,17919
13,18027
13,18050
13,18078
13,18102
13,18112
13,18215
13,18256
13,18270
13,18320
13,18356
13,18448
13,18480
13,18538
13,18569
13,18590
13,18617
13,18635
13,18672
13,18703
13,18719
13,18736
13,18790
13,18892
13,18931
13,18942
14,59
14,114
14,117
14,157
14,196
14,203
14,222
14,249
14,270
14,272
14,274
14,323
14,348
14,353
14,366
14,402
14,455
14,525
14,609
14,674
14,684
14,708
14,716
14,724
14,743
14,772
14,800
14,846
14,895
14,901
14,903
14,915
14,918
14,941
14,975
14,1026
14,1028
14,1167
14,1304
14,1317
14,1341
14,1350
14,1369
14,1382
14,1409
14,1432
14,1446
14,1504
14,1515
14,1550
14,1556
14,1577
14,1629
14,1636
14,1742
14,1767
14,1771
14,1774
14,1791
14,1856
14,1965
14,2023
14,2033
14,2047
14,2131
14,2186
14,2204
14,2218
14,2224
14,2314
14,2356
14,2382
14,2405
14,2465
14,2510
14,2518
14,2527
14,2592
14,2643
14,2679
14,2701
14,2714
14,2719
14,2742
14,2814
14,2828
14,2832
14,2837
14,2842
14,2917
14,2919
14,2983
14,3015
14,3019
14,3085
14,3088
14,3112
14,3136
14,3191
14,3212
14,3244
14,3272
14,3318
14,3404
14,3419
14,3452
14,3463
14,3480
14,3512
14,3536
14,3555
14,3576
14,3644
14,3666
14,3688
14,3710
14,3716
14,3732
14,3746
14,3808
14,3871
14,3879
14,3894
14,3930
14,3943
14,3951
14,4042
14,4054
14,4071
14,4142
14,4169
14,4173
14,4230
14,4231
14,4249
14,4276
14,4313
14,4349
14,4352
14,4367
14,4432
14,4468
14,4471
14,4482
14,4502
14,4506
14,4532
14,4541
14,4552
14,4579
14,4613
14,4666
14,4672
14,4758
14,4787
14,4805
14,4830
14,4831
14,4843
14,4850
14,4852
14,4858
14,4930
14,4952
14,4976
14,4995
14,5000
14,5012
14,5046
14,5090
14,5143
14,5163
14,5217
14,5236
14,5243
14,5274
14,5291
14,5397
14,5540
14,5543
14,5579
14,5655
14,5677
14,5678
14,5694
14,5727
14,5782
14,5796
14,5802
14,5857
14,5872
14,5944
14,5970
14,5985
14,6007
14,6024
14,6031
14,6048
14,6053
14,6083
14,6126
14,6238
14,6241
14,6309
14,6350
14,6398
14,6498
14,6529
14,6562
14,6610
14,6666
14,6702
14,6793
14,6810
14,6863
14,6955
14,6962
14,6968
14,6997
14,7113
14,7132
14,7172
14,7245
14,7257
14,7342
14,7351
14,7422
14,7440
14,7442
14,7581
14,7654
14,7676
14,7681
14,7738
14,7759
14,7773
14,7843
14,7845
14,7878
14,7881
14,7916
14,7929
14,7972
14,7975
14,8001
14,8025
14,8038
14,8180
14,8213
14,8223
14,8231
14,8238
14,8255
14,8264
14,8323
14,8339
14,8366
14,8371
14,8398
14,8430
14,8433
14,8448
14,8483
14,8507
14,8515
14,8531
14,8557
14,8563
14,8569
14,8610
14,8622
14,8636
14,8644
14,8654
14,8667
14,8697
14,8698
14,8739
14,8820
14,8841
14,8864
14,9027
14,9111
14,9121
14,9186
14,9261
14,9265
14,9373
14,9378
14,9417
14,9430
14,9431
14,9485
14,9516
14,9520
14,9534
14,9536
14,9554
14,9666
14,9683
14,9754
14,9783
14,9818
14,9835
14,9836
14,9974
14,10021
14,10026
14,10083
14,10088
14,10120
14,10134
14,10181
14,10184
14,10194
14,10209
14,10233
14,10265
14,10293
14,10298
14,10376
14,10379
14,10390
14,10425
14,10440
14,10472
14,10520
14,10636
14,10650
14,10734
14,10740
14,10803
14,10815
14,10839
14,10843
14,10857
14,10892
14,10917
14,10954
14,10987
14,10999
14,11005
14,11056
14,11080
14,11082
14,11137
14,11188
14,11194
14,11222
14,11283
14,11311
14,11342
14,11406
14,11428
14,11506
14,11608
14,11640
14,11722
14,11762
14,11794
14,11818
14,11825
14,11828
14,11856
14,11872
14,11899
14,11920
14,11976
14,12016
14,12078
14,12079
14,12107
14,12125
14,12156
14,12226
14,12233
14,12269
14,12301
14,12319
14,12371
14,12484
14,12536
14,12545
14,12547
14,12562
14,12606
14,12669
14,12672
14,12679
14,12690
14,12723
14,12766
14,12873
14,12878
14,12955
14,13036
14,13045
14,13058
14,13074
14,13083
14,13105
14,13112
14,13196
14,13210
14,13222
14,13282
14,13294
14,13296
14,13351
14,13423
14,13435
14,13493
14,13533
14,13584
14,13585
14,13592
14,13665
14,13673
14,13691
14,13710
14,13712
14,13760
14,13904
14,13905
14,13915
14,13955
14,14082
14,14083
14,14107
14,14133
14,14136
14,14175
14,14349
14,14369
14,14374
14,14393
14,14430
14,14492
14,14514
14,14517
14,14618
14,14623
14,14646
14,14648
14,14670
14,14672
14,14694
14,14699
14,14730
14,14734
14,14749
14,14757
14,14794
14,14846
14,14900
14,14934
14,14951
14,14980
14,15015
14,15053
14,15111
14,15138
14,15158
14,15176
14,15228
14,15241
14,15261
14,15278
14,15324
14,15365
14,15420
14,15425
14,15430
14,15434
14,15444
14,15470
14,15485
14,15529
14,15574
14,15590
14,15595
14,15610
14,15620
14,15725
14,15898
14,15935
14,15944
14,16008
14,16016
14,16038
14,16044
14,16097
14,16130
14,16143
14,16159
14,16173
14,16225
14,16236
14,16284
14,16320
14,16332
14,16349
14,16354
14,16412
14,16452
14,16540
14,16579
14,16591
14,16632
14,16641
14,16662
14,16705
14,16817
14,16833
14,16874
14,16880
14,16889
14,16899
14,16933
14,16969
14,16981
14,17023
14,17052
14,17089
14,17105
14,17116
14,17139
14,17142
14,17151
14,17161
14,17207
14,17267
14,17339
14,17341
14,17349
14,17442
14,17464
14,17474
14,17479
14,17515
14,17517
14,17642
14,17678
14,17691
14,17703
14,17706
14,17712
14,17786
14,17790
14,17846
14,17883
14,17894
14,17902
14,17932
14,17960
14,17967
14,17977
14,18032
14,18044
14,18083
14,18165
14,18216
14,18255
14,18257
14,18308
14,18331
14,18339
14,18343
14,18349
14,18389
14,18415
14,18436
14,18453
14,18475
14,18506
14,18511
14,18529
14,18565
14,18604
14,18621
14,18644
14,18667
14,18717
14,18740
14,18748
14,18763
14,18808
14,18839
14,18876
14,18905
14,18930
15,106
15,194
15,230
15,360
15,374
15,380
15,383
15,390
15,408
15,458
15,501
15,611
15,646
15,658
15,697
15,710
15,755
15,776
15,882
15,903
15,920
15,946
15,1024
15,1037
15,1151
15,1177
15,1235
15,1266
15,1285
15,1297
15,1372
15,1422
15,1495
15,1531
15,1544
15,1551
15,1617
15,1639
15,1646
15,1733
15,1835
15,1847
15,1897
15,1902
15,2001
15,2029
15,2065
15,2097
15,2131
15,2132
15,2211
15,2364
15,2425
15,2467
15,2499
15,2522
15,2586
15,2688
15,2706
15,2730
15,2791
15,2851
15,2853
15,2931
15,2971
15,3025
15,3032
15,3070
15,3108
15,3120
15,3125
15,3171
15,3174
15,3231
15,3299
15,3318
15,3385
15,3430
15,3444
15,3591
15,3639
15,3658
15,3710
15,3860
15,3871
15,3872
15,3916
15,3943
15,3946
15,3958
15,3972
15,4065
15,4203
15,4250
15,4251
15,4404
15,4476
15,4487
15,4592
15,4743
15,4750
15,4761
15,4829
15,4950
15,4995
15,5074
15,5092
15,5214
15,5288
15,5305
15,5356
15,5365
15,5463
15,5562
15,5593
15,5605
15,5703
15,5750
15,5794
15,5881
15,5941
15,5942
15,5959
15,5978
15,6005
15,6095
15,6100
15,6171
15,6183
15,6184
15,6233
15,6240
15,6298
15,6421
15,6466
15,6510
15,6511
15,6520
15,6544
15,6584
15,6586
15,6636
15,6725
15,6726
15,6743
15,6773
15,6776
15,6821
15,6837
15,6900
15,6964
15,6991
15,7031
15,7078
15,7106
15,7191
15,7287
15,7352
15,7363
15,7398
15,7403
15,7414
15,7469
15,7492
15,7494
15,7496
15,7553
15,7561
15,7591
15,7617
15,7619
15,7636
15,7637
15,7673
15,7745
15,7758
15,7777
15,7807
15,7821
15,7877
15,7887
15,7915
15,7947
15,7988
15,8019
15,8035
15,8053
15,8090
15,8196
15,8337
15,8481
15,8498
15,8573
15,8586
15,8658
15,8748
15,8846
15,8980
15,9055
15,9090
15,9116
15,9134
15,9285
15,9291
15,9424
15,9446
15,9545
15,9563
15,9642
15,9690
15,9700
15,9782
15,9818
15,9870
15,9910
15,10017
15,10042
15,10065
15,10122
15,10126
15,10153
15,10254
15,10330
15,10352
15,10368
15,10420
15,10429
15,10514
15,10542
15,10648
15,10655
15,10669
15,10687
15,10740
15,10746
15,10771
15,10840
15,10893
15,10924
15,10942
15,10952
15,11010
15,11035
15,11055
15,11131
15,11247
15,11305
15,11338
15,11530
15,11565
15,11571
15,11636
15,11671
15,11679
15,11682
15,11710
15,11732
15,11751
15,11761
15,11778
15,11853
15,11860
15,11873
15,11883
15,11940
15,11988
15,12094
15,12128
15,12166
15,12341
15,12358
15,12503
15,12583
15,12597
15,12605
15,12638
15,12669
15,12685
15,12699
15,12791
15,12794
15,12832
15,13021
15,13037
15,13050
15,13055
15,13061
15,13086
15,13123
15,13131
15,13236
15,13268
15,13313
15,13386
15,13389
15,13419
15,13425
15,13450
15,13453
15,13516
15,13611
15,13618
15,13720
15,13737
15,13783
15,13881
15,13904
15,13912
15,13941
15,13957
15,14001
15,14006
15,14030
15,14057
15,14188
15,14338
15,14355
15,14369
15,14385
15,14496
15,14566
15,14608
15,14654
15,14687
15,14753
15,14794
15,14811
15,14823
15,14891
15,14893
15,14898
15,14906
15,14995
15,15044
15,15068
15,15079
15,15110
15,15153
15,15154
15,15164
15,15170
15,15177
15,15256
15,15391
15,15444
15,15497
15,15505
15,15528
15,15531
15,15606
15,15745
15,15747
15,15828
15,15870
15,15952
15,15953
15,16007
15,16112
15,16126
15,16155
15,16173
15,16277
15,16310
15,16366
15,16367
15,16399
15,16459
15,16463
15,16468
15,16489
15,16535
15,16555
15,16562
15,16652
15,16764
15,16794
15,16877
15,16889
15,16980
15,17058
15,17120
15,17257
15,17270
15,17381
15,17387
15,17481
15,17493
15,17548
15,17551
15,17558
15,17605
15,17639
15,17645
15,17659
15,17667
15,17741
15,17845
15,17877
15,17913
15,17940
15,18016
15,18063
15,18118
15,18141
15,18188
15,18217
15,18221
15,18227
15,18262
15,18326
15,18348
15,18359
15,18464
15,18489
15,18550
15,18553
15,18604
15,18650
15,18776
15,18884
16,4
16,72
16,99
16,104
16,138
16,177
16,178
16,200
16,241
16,359
16,444
16,499
16,525
16,530
16,654
16,713
16,726
16,736
16,740
16,979
16,997
16,1015
16,1167
16,1180
16,1210
16,1211
16,1224
16,1331
16,1343
16,1523
16,1573
16,1645
16,1696
16,1711
16,1740
16,1906
16,1949
16,2102
16,2186
16,2293
16,2340
16,2354
16,2414
16,2459
16,2573
16,2631
16,2667
16,2673
16,2719
16,2813
16,2832
16,2862
16,2913
16,2935
16,2949
16,3041
16,3118
16,3125
16,3174
16,3431
16,3457
16,3649
16,3760
16,3781
16,3830
16,3870
16,3906
16,3935
16,3989
16,4030
16,4218
16,4311
16,4344
16,4430
16,4458
16,4503
16,4537
16,4552
16,4623
16,4661
16,4694
16,4763
16,4791
16,4890
16,4925
16,5022
16,5110
16,5275
16,5285
16,5299
16,5311
16,5342
16,5386
16,5569
16,5642
16,5718
16,5781
16,5788
16,5827
16,5838
16,5862
16,6032
16,6074
16,6110
16,6154
16,6182
16,6199
16,6214
16,6271
16,6282
16,6290
16,6293
16,6341
16,6378
16,6451
16,6550
16,6563
16,6598
16,6622
16,6766
16,6801
16,6847
16,6903
16,6935
16,6968
16,6974
16,6994
16,7052
16,7062
16,7093
16,7116
16,7315
16,7344
16,7368
16,7411
16,7479
16,7501
16,7526
16,7566
16,7591
16,7658
16,7665
16,7742
16,7753
16,7790
16,7903
16,7981
16,8091
16,8213
16,8242
16,8297
16,8339
16,8402
16,8432
16,8441
16,8512
16,8534
16,8545
16,8553
16,8554
16,8725
16,8736
16,8749
16,8761
16,8787
16,9067
16,9147
16,9158
16,9251
16,9263
16,9419
16,9427
16,9560
16,9564
16,9598
16,9612
16,9649
16,9690
16,9721
16,9776
16,9819
16,9827
16,9849
16,9924
16,9943
16,9994
16,10039
16,10126
16,10127
16,10167
16,10209
16,10267
16,10301
16,10345
16,10481
16,10647
16,10690
16,10704
16,10711
16,10752
16,10794
16,10870
16,10885
16,10922
16,10932
16,10957
16,10992
16,10993
16,11015
16,11053
16,11083
16,11143
16,11167
16,11177
16,11284
16,11429
16,11466
16,11529
16,11546
16,11828
16,11842
16,11858
16,11867
16,11904
16,11962
16,11991
16,12016
16,12025
16,12056
16,12087
16,12219
16,12259
16,12350
16,12456
16,12485
16,12634
16,12744
16,12748
16,12781
16,12810
16,12815
16,12823
16,12870
16,12940
16,12959
16,12969
16,12987
16,13006
16,13032
16,13043
16,13097
16,13100
16,13106
16,13138
16,13147
16,13158
16,13167
16,13214
16,13242
16,13263
16,13364
16,13529
16,13550
16,13552
16,13559
16,13563
16,13740
16,13764
16,13765
16,13788
16,13790
16,13857
16,13884
16,13919
16,13973
16,14050
16,14094
16,14125
16,14184
16,14244
16,14314
16,14352
16,14380
16,14437
16,14438
16,14509
16,14712
16,14731
16,14745
16,15003
16,15176
16,15329
16,15416
16,15435
16,15521
16,15534
16,15537
16,15627
16,15651
16,15656
16,15673
16,15677
16,15733
16,15905
16,15995
16,16051
16,16096
16,16118
16,16171
16,16259
16,16276
16,16291
16,16318
16,16319
16,16363
16,16370
16,16372
16,16424
16,16530
16,16593
16,16595
16,16658
16,16697
16,16709
16,16736
16,16760
16,16811
16,16903
16,17046
16,17049
16,17073
16,17124
16,17285
16,17304
16,17317
16,17420
16,17442
16,17576
16,17593
16,17599
16,17629
16,17656
16,17664
16,17756
16,17807
16,17888
16,17928
16,17949
16,18078
16,18084
16,18136
16,18255
16,18261
16,18266
16,18294
16,18304
16,18326
16,18498
16,18534
16,18650
16,18657
16,18739
16,18749
16,18779
16,18781
16,18811
16,18857
16,18877
17,49
17,192
17,198
17,207
17,311
17,340
17,368
17,433
17,487
17,534
17,564
17,571
17,655
17,661
17,668
17,713
17,716
17,732
17,766
17,790
17,852
17,1072
17,1088
17,1096
17,1104
17,1121
17,1126
17,1130
17,1161
17,1164
17,1205
17,1223
17,1228
17,1238
17,1247
17,1253
17,1277
17,1305
17,1432
17,1443
17,1461
17,1480
17,1503
17,1507
17,1557
17,1563
17,1740
17,1786
17,1817
17,1905
17,1927
17,2013
17,2015
17,2034
17,2068
17,2075
17,2123
17,2185
17,2242
17,2315
17,2339
17,2361
17,2376
17,2404
17,2408
17,2552
17,2563
17,2566
17,2585
17,2628
17,2632
17,2699
17,2854
17,2865
17,2887
17,2900
17,2948
17,3006
17,3048
17,3118
17,3141
17,3165
17,3206
17,3215
17,3297
17,3427
17,3434
17,3455
17,3491
17,3540
17,3559
17,3581
17,3641
17,3665
17,3714
17,3734
17,3798
17,3828
17,3937
17,3965
17,3966
17,4022
17,4040
17,4053
17,4057
17,4095
17,4105
17,4136
17,4169
17,4186
17,4188
17,4201
17,4305
17,4307
17,4319
17,4346
17,4361
17,4381
17,4433
17,4463
17,4511
17,4526
17,4543
17,4565
17,4593
17,4605
17,4609
17,4634
17,4642
17,4683
17,4704
17,4809
17,4921
17,4962
17,4993
17,5057
17,5107
17,5158
17,5218
17,5228
17,5321
17,5352
17,5385
17,5450
17,5451
17,5458
17,5571
17,5579
17,5608
17,5609
17,5611
17,5629
17,5640
17,5772
17,5806
17,5816
17,5822
17,5873
17,5894
17,5928
17,5947
17,6006
17,6096
17,6112
17,6180
17,6197
17,6212
17,6240
17,6266
17,6300
17,6334
17,6361
17,6488
17,6489
17,6496
17,6554
17,6644
17,6688
17,6762
17,6783
17,6803
17,6822
17,6823
17,6827
17,6858
17,6927
17,6947
17,6962
17,7140
17,7142
17,7228
17,7285
17,7289
17,7336
17,7341
17,7406
17,7420
17,7467
17,7514
17,7570
17,7682
17,7762
17,7812
17,7827
17,7850
17,7927
17,8004
17,8009
17,8048
17,8088
17,8119
17,8154
17,8179
17,8202
17,8222
17,8253
17,8260
17,8451
17,8456
17,8488
17,8516
17,8533
17,8552
17,8625
17,8646
17,8678
17,8686
17,8690
17,8694
17,8716
17,8773
17,8842
17,8878
17,8883
17,8953
17,9017
17,9076
17,9198
17,9209
17,9237
17,9279
17,9288
17,9303
17,9316
17,9443
17,9476
17,9536
17,9542
17,9554
17,9578
17,9603
17,9619
17,9629
17,9652
17,9696
17,9726
17,9727
17,9728
17,9839
17,9881
17,9937
17,9941
17,9979
17,9986
17,10109
17,10132
17,10135
17,10148
17,10194
17,10252
17,10446
17,10514
17,10516
17,10561
17,10585
17,10608
17,10639
17,10673
17,10706
17,10732
17,10754
17,10784
17,10799
17,10874
17,10902
17,10953
17,10965
17,10995
17,11044
17,11057
17,11065
17,11141
17,11192
17,11225
17,11237
17,11279
17,11280
17,11284
17,11330
17,11337
17,11358
17,11395
17,11401
17,11505
17,11600
17,11642
17,11815
17,11858
17,11891
17,11929
17,12022
17,12076
17,12117
17,12143
17,12277
17,12323
17,12376
17,12471
17,12723
17,12740
17,12742
17,12784
17,12806
17,12841
17,12894
17,12920
17,12955
17,13079
17,13112
17,13115
17,13143
17,13161
17,13167
17,13178
17,13311
17,13382
17,13397
17,13443
17,13444
17,13463
17,13477
17,13567
17,13569
17,13606
17,13662
17,13695
17,13784
17,13927
17,14048
17,14107
17,14197
17,14247
17,14342
17,14386
17,14402
17,14412
17,14512
17,14549
17,14634
17,14639
17,14653
17,14668
17,14673
17,14677
17,14706
17,14754
17,14842
17,14953
17,15000
17,15015
17,15037
17,15038
17,15102
17,15136
17,15185
17,15231
17,15255
17,15263
17,15329
17,15348
17,15470
17,15485
17,15541
17,15556
17,15557
17,15566
17,15568
17,15595
17,15640
17,15683
17,15719
17,15724
17,15798
17,15806
17,15854
17,15856
17,15890
17,15897
17,15944
17,15957
17,15981
17,16032
17,16063
17,16068
17,16074
17,16104
17,16152
17,16185
17,16192
17,16227
17,16252
17,16310
17,16321
17,16339
17,16405
17,16444
17,16466
17,16496
17,16513
17,16526
17,16537
17,16545
17,16707
17,16843
17,16882
17,16960
17,17215
17,17238
17,17331
17,17390
17,17459
17,17471
17,17474
17,17503
17,17519
17,17555
17,17568
17,17633
17,17736
17,17750
17,17807
17,17848
17,17889
17,17916
17,17931
17,17932
17,17972
17,18002
17,18020
17,18068
17,18133
17,18201
17,18279
17,18293
17,18342
17,18350
17,18383
17,18407
17,18414
17,18421
17,18435
17,18457
17,18513
17,18525
17,18739
17,18746
17,18785
17,18801
17,18814
17,18931
17,18934
17,18937
18,3
18,41
18,127
18,137
18,159
18,164
18,227
18,231
18,364
18,368
18,386
18,391
18,416
18,480
18,519
18,562
18,605
18,611
18,698
18,833
18,897
18,934
18,979
18,1004
18,1006
18,1104
18,1148
18,1253
18,1344
18,1421
18,1433
18,1453
18,1498
18,1823
18,1824
18,2002
18,2040
18,2314
18,2315
18,2348
18,2364
18,2379
18,2418
18,2423
18,2469
18,2585
18,2630
18,2657
18,2725
18,2787
18,2847
18,2910
18,3026
18,3038
18,3079
18,3255
18,3350
18,3355
18,3570
18,3659
18,3709
18,3779
18,3842
18,4031
18,4033
18,4107
18,4390
18,4426
18,4457
18,4477
18,4479
18,4494
18,4764
18,4783
18,4872
18,4943
18,5009
18,5174
18,5187
18,5231
18,5273
18,5373
18,5531
18,5588
18,5593
18,5640
18,5642
18,5722
18,5738
18,5824
18,6015
18,6042
18,6048
18,6056
18,6150
18,6204
18,6243
18,6418
18,6550
18,6602
18,6617
18,6647
18,6649
18,6784
18,6830
18,6837
18,6940
18,6983
18,7017
18,7059
18,7062
18,7118
18,7156
18,7217
18,7229
18,7342
18,7371
18,7484
18,7486
18,7535
18,7613
18,7663
18,7708
18,7736
18,7778
18,7839
18,8034
18,8444
18,8510
18,8660
18,8678
18,8696
18,8725
18,8735
18,8771
18,8929
18,8998
18,9004
18,9023
18,9033
18,9217
18,9253
18,9366
18,9372
18,9376
18,9557
18,9595
18,9614
18,9692
18,9705
18,9863
18,9919
18,9954
18,10024
18,10107
18,10134
18,10190
18,10283
18,10325
18,10346
18,10438
18,10529
18,10653
18,10933
18,11004
18,11151
18,11241
18,11244
18,11342
18,11357
18,11375
18,11409
18,11491
18,11550
18,11653
18,11669
18,11708
18,11710
18,11746
18,11787
18,11893
18,11900
18,11930
18,12035
18,12095
18,12097
18,12119
18,12123
18,12152
18,12195
18,12211
18,12245
18,12271
18,12288
18,12308
18,12318
18,12329
18,12414
18,12432
18,12442
18,12476
18,12553
18,12633
18,12642
18,12809
18,12810
18,12851
18,12860
18,13036
18,13119
18,13120
18,13177
18,13320
18,13501
18,13504
18,13508
18,13553
18,13802
18,13822
18,13875
18,14007
18,14047
18,14062
18,14158
18,14178
18,14185
18,14557
18,14580
18,14600
18,14680
18,14786
18,14868
18,14936
18,14954
18,14982
18,15039
18,15090
18,15096
18,15113
18,15438
18,15441
18,15477
18,15566
18,15673
18,15678
18,15680
18,15710
18,15712
18,15740
18,15804
18,15831
18,15882
18,15961
18,15985
18,15987
18,16052
18,16092
18,16318
18,16332
18,16342
18,16345
18,16640
18,16695
18,16856
18,16922
18,16956
18,16957
18,16998
18,17010
18,17193
18,17200
18,17206
18,17243
18,17264
18,17281
18,17337
18,17445
18,17851
18,17879
18,17907
18,18020
18,18077
18,18212
18,18430
18,18502
18,18620
18,18647
18,18700
18,18751
18,18774
18,18801
18,18874
19,86
19,178
19,260
19,303
19,664
19,679
19,781
19,850
19,862
19,922
19,1087
19,1203
19,1217
19,1536
19,1619
19,1624
19,1676
19,1691
19,1786
19,1883
19,2554
19,2667
19,2727
19,2738
19,2837
19,2891
19,3179
19,3294
19,3347
19,3393
19,3420
19,3424
19,3435
19,3459
19,3528
19,3603
19,3612
19,3686
19,3839
19,3947
19,3963
19,4001
19,4027
19,4073
19,4088
19,4114
19,4188
19,4377
19,4411
19,4440
19,4452
19,4517
19,4655
19,4678
19,4698
19,4720
19,4902
19,4936
19,4962
19,4969
19,5003
19,5058
19,5128
19,5168
19,5178
19,5259
19,5388
19,5506
19,5539
19,5606
19,5741
19,5785
19,5848
19,5941
19,5974
19,5982
19,5990
19,6101
19,6291
19,6367
19,6421
19,6436
19,6450
19,6535
19,6586
19,6814
19,6832
19,7088
19,7093
19,7179
19,7215
19,7309
19,7351
19,7377
19,7542
19,7575
19,7576
19,7687
19,7783
19,7880
19,7940
19,7961
19,7976
19,8155
19,8232
19,8292
19,8379
19,8540
19,8580
19,8636
19,8716
19,8818
19,8845
19,8951
19,9059
19,9487
19,9581
19,9593
19,9623
19,9662
19,9763
19,9889
19,9927
19,10032
19,10170
19,10565
19,10604
19,10618
19,10626
19,10733
19,11049
19,11066
19,11145
19,11157
19,11216
19,11300
19,11549
19,11570
19,11604
19,11655
19,11675
19,11842
19,11894
19,12004
19,12043
19,12179
19,12193
19,12295
19,12302
19,12351
19,12510
19,12533
19,12565
19,12699
19,12784
19,12831
19,12866
19,12945
19,12991
19,13133
19,13250
19,13269
19,13323
19,13355
19,13383
19,13388
19,13392
19,13534
19,13586
19,13745
19,13751
19,13976
19,13980
19,13982
19,14151
19,14198
19,14555
19,14580
19,14922
19,15128
19,15194
19,15275
19,15374
19,15392
19,15471
19,15522
19,15559
19,15623
19,16064
19,16069
19,16077
19,16124
19,16180
19,16213
19,16498
19,16609
19,16651
19,16659
19,16785
19,16790
19,16812
19,16855
19,16888
19,16935
19,17076
19,17079
19,17086
19,17128
19,17167
19,17174
19,17345
19,17463
19,17493
19,17601
19,17636
19,17813
19,17866
19,17880
19,18036
19,18040
19,18110
19,18279
19,18431
19,18595
19,18660
19,18722
20,23
20,75
20,94
20,168
20,291
20,296
20,300
20,453
20,495
20,607
20,701
20,712
20,723
20,792
20,859
20,907
20,946
20,947
20,967
20,975
20,1051
20,1059
20,1215
20,1320
20,1404
20,1878
20,2123
20,2187
20,2199
20,2225
20,2236
20,2265
20,2314
20,2452
20,2539
20,2542
20,2691
20,2991
20,3036
20,3059
20,3086
20,3122
20,3134
20,3203
20,3344
20,3398
20,3402
20,3593
20,3598
20,3614
20,3736
20,3899
20,4054
20,4144
20,4147
20,4180
20,4320
20,4372
20,4384
20,4423
20,4434
20,4471
20,4532
20,4590
20,4642
20,5261
20,5342
20,5388
20,5393
20,5415
20,5557
20,5844
20,5894
20,6068
20,6335
20,6345
20,6383
20,6500
20,6609
20,6781
20,6920
20,7197
20,7246
20,7276
20,7439
20,7475
20,7484
20,7494
20,7688
20,7701
20,7776
20,7829
20,7863
20,7865
20,7963
20,7985
20,8081
20,8111
20,8192
20,8263
20,8425
20,8822
20,8827
20,9000
20,9121
20,9134
20,9166
20,9183
20,9234
20,9453
20,9498
20,9543
20,9572
20,9577
20,9610
20,9629
20,9631
20,9637
20,9970
20,10345
20,10371
20,10531
20,10658
20,10761
20,10847
20,10890
20,11007
20,11015
20,11189
20,11205
20,11294
20,11398
20,11488
20,11556
20,11637
20,11685
20,11819
20,11900
20,11918
20,11927
20,11972
20,11976
20,12157
20,12165
20,12199
20,12445
20,12449
20,12469
20,12555
20,12669
20,12767
20,12811
20,12844
20,12860
20,13217
20,13292
20,13316
20,13375
20,13646
20,13672
20,13737
20,13815
20,13874
20,13885
20,13944
20,13999
20,14008
20,14062
20,14100
20,14207
20,14359
20,14409
20,14427
20,14497
20,14500
20,14602
20,14680
20,14765
20,14811
20,14952
20,15076
20,15131
20,15159
20,15216
20,15249
20,15322
20,15463
20,15483
20,15484
20,15785
20,15854
20,15900
20,15904
20,16016
20,16075
20,16352
20,16387
20,16669
20,16729
20,16731
20,16752
20,16877
20,16921
20,16962
20,17046
20,17096
20,17236
20,17337
20,17723
20,17844
20,17896
20,17961
20,18042
20,18134
20,18163
20,18338
20,18349
20,18552
20,18562
20,18590
20,18707
20,18720
20,18759
20,18796
20,18825
20,18832
20,18865
20,18905
20,18914
21,27
21,29
21,83
21,187
21,213
21,283
21,366
21,489
21,549
21,808
21,889
21,912
21,1161
21,1203
21,1207
21,1209
21,1239
21,1280
21,1300
21,1394
21,1397
21,1430
21,1444
21,1688
21,1694
21,1899
21,1946
21,2099
21,2115
21,2186
21,2338
21,2408
21,2549
21,2672
21,2691
21,2701
21,2745
21,2829
21,2972
21,2986
21,3048
21,3377
21,3386
21,3416
21,3594
21,3662
21,3760
21,3831
21,3836
21,3880
21,3882
21,4009
21,4044
21,4133
21,4155
21,4266
21,4360
21,4562
21,4609
21,4633
21,4643
21,4781
21,4938
21,5092
21,5118
21,5129
21,5231
21,5257
21,5397
21,5474
21,5546
21,5609
21,5678
21,5687
21,5817
21,5840
21,5875
21,6056
21,6092
21,6168
21,6234
21,6328
21,6400
21,6402
21,6441
21,6512
21,6513
21,6755
21,6873
21,6887
21,6921
21,6964
21,7091
21,7098
21,7165
21,7176
21,7203
21,7333
21,7434
21,7447
21,7685
21,7702
21,7779
21,7784
21,7943
21,7991
21,8098
21,8135
21,8146
21,8167
21,8180
21,8368
21,8388
21,8606
21,8652
21,8717
21,8751
21,8898
21,8957
21,9119
21,9132
21,9266
21,9363
21,9759
21,9813
21,10039
21,10088
21,10313
21,10407
21,10410
21,10451
21,10452
21,10497
21,10507
21,10679
21,10713
21,10739
21,10945
21,11279
21,11331
21,11332
21,11582
21,11594
21,11614
21,11903
21,12099
21,12149
21,12509
21,12576
21,12665
21,12820
21,12825
21,13230
21,13247
21,13285
21,13347
21,13371
21,13377
21,13477
21,13495
21,13496
21,13572
21,13732
21,13738
21,13745
21,13977
21,14097
21,14102
21,14354
21,14519
21,14547
21,14690
21,14896
21,15091
21,15163
21,15354
21,15386
21,15692
21,15748
21,15751
21,15813
21,15926
21,15938
21,15962
21,16158
21,16222
21,16309
21,16315
21,16383
21,16493
21,16580
21,16888
21,17104
21,17246
21,17253
21,17271
21,17350
21,17489
21,17567
21,17595
21,17652
21,17762
21,17846
21,17898
21,17902
21,17999
21,18059
21,18383
21,18386
21,18419
21,18561
21,18755
21,18870
21,18912
22,22
22,155
22,196
22,253
22,292
22,379
22,467
22,469
22,567
22,637
22,779
22,906
22,914
22,953
22,983
22,1012
22,1043
22,1070
22,1267
22,1325
22,1352
22,1369
22,1382
22,1383
22,1439
22,1482
22,1545
22,1608
22,1624
22,1874
22,1934
22,2108
22,2128
22,2196
22,2282
22,2315
22,2319
22,2459
22,2559
22,2651
22,2712
22,2747
22,2755
22,2758
22,2789
22,2872
22,2951
22,3038
22,3084
22,3115
22,3236
22,3278
22,3483
22,3517
22,3565
22,3611
22,3616
22,3632
22,3664
22,3758
22,3956
22,3964
22,4038
22,4073
22,4243
22,4337
22,4343
22,4454
22,4678
22,4747
22,4751
22,4816
22,4831
22,5107
22,5303
22,5315
22,5337
22,5394
22,5405
22,5446
22,5508
22,5554
22,5571
22,5703
22,5888
22,5889
22,5997
22,6081
22,6090
22,6162
22,6182
22,6291
22,6610
22,6808
22,6863
22,6875
22,7025
22,7068
22,7079
22,7114
22,7318
22,7346
22,7353
22,7430
22,7488
22,7595
22,7606
22,7734
22,7752
22,7778
22,7847
22,8152
22,8325
22,8426
22,8473
22,8525
22,8927
22,8942
22,8965
22,9106
22,9160
22,9355
22,9384
22,9610
22,9967
22,9991
22,9999
22,10049
22,10059
22,10176
22,10178
22,10254
22,10263
22,10302
22,10383
22,10416
22,10549
22,10551
22,10567
22,10597
22,10618
22,10698
22,10860
22,11045
22,11171
22,11217
22,11295
22,11302
22,11362
22,11396
22,11620
22,11624
22,11946
22,12086
22,12119
22,12155
22,12171
22,12253
22,12383
22,12390
22,12516
22,12581
22,12660
22,12726
22,12906
22,12931
22,12946
22,13066
22,13341
22,13348
22,13388
22,13496
22,13747
22,13770
22,13808
22,13907
22,13959
22,14072
22,14179
22,14184
22,14196
22,14227
22,14245
22,14257
22,14316
22,14431
22,14486
22,14681
22,14711
22,14841
22,14846
22,14868
22,14884
22,14954
22,14966
22,15045
22,15103
22,15113
22,15222
22,15288
22,15324
22,15332
22,15340
22,15369
22,15563
22,15598
22,15830
22,15883
22,15941
22,16112
22,16183
22,16292
22,16333
22,16438
22,16529
22,16536
22,16567
22,16679
22,16781
22,16835
22,17060
22,17210
22,17305
22,17323
22,17469
22,17507
22,17559
22,17866
22,18036
22,18102
22,18316
22,18480
22,18527
22,18605
22,18615
22,18667
22,18698
22,18752
23,25
23,83
23,208
23,375
23,985
23,1260
23,1349
23,1466
23,1985
23,2105
23,2180
23,2296
23,2386
23,2435
23,2497
23,2559
23,3207
23,3306
23,3623
23,3626
23,3629
23,3715
23,4093
23,4127
23,4199
23,4627
23,4759
23,5204
23,5367
23,5427
23,5452
23,5663
23,5774
23,6000
23,6311
23,6448
23,6647
23,6656
23,6960
23,7132
23,7394
23,7408
23,7482
23,7568
23,7680
23,7851
23,8033
23,8069
23,8130
23,8190
23,8215
23,8292
23,8666
23,8846
23,9155
23,9464
23,9840
23,9900
23,10028
23,10203
23,10211
23,10380
23,10431
23,10767
23,10873
23,10944
23,11036
23,11340
23,11767
23,12449
23,12674
23,13060
23,13319
23,13592
23,13639
23,13734
23,13742
23,13799
23,13979
23,14078
23,14327
23,14382
23,14496
23,14521
23,14524
23,14532
23,14575
23,14670
23,14737
23,14742
23,14992
23,15321
23,15524
23,15982
23,16189
23,16214
23,16543
23,16772
23,16845
23,17107
23,17255
23,17284
23,17689
23,17833
23,18134
23,18239
23,18856
23,18904
24,100
24,220
24,241
24,304
24,317
24,451
24,706
24,775
24,969
24,1100
24,1144
24,1936
24,2249
24,2527
24,2772
24,2781
24,3020
24,3050
24,3250
24,3288
24,3364
24,3635
24,3658
24,3710
24,3919
24,4431
24,4438
24,4531
24,4677
24,4789
24,5022
24,5110
24,5256
24,5380
24,5722
24,5807
24,5826
24,6070
24,6133
24,6256
24,6408
24,6419
24,6566
24,6627
24,6701
24,6865
24,6924
24,7010
24,7137
24,7243
24,7318
24,7497
24,7578
24,7706
24,7718
24,7867
24,8073
24,8216
24,8226
24,8311
24,8501
24,8549
24,8551
24,8919
24,8996
24,9029
24,9066
24,9075
24,9116
24,9387
24,9555
24,9881
24,9936
24,10003
24,10096
24,10196
24,10391
24,10412
24,10473
24,10570
24,10926
24,10927
24,10992
24,11308
24,11338
24,11382
24,11418
24,11598
24,11691
24,11823
24,12014
24,12227
24,12367
24,12379
24,12540
24,12548
24,12601
24,12710
24,12780
24,13184
24,13245
24,13944
24,14046
24,14067
24,14080
24,14114
24,14198
24,14296
24,14455
24,14656
24,14758
24,15210
24,15250
24,15414
24,15704
24,15705
24,16030
24,16075
24,16349
24,16443
24,16559
24,16643
24,16727
24,16754
24,17182
24,17211
24,17290
24,17316
24,17354
24,17453
24,17789
24,18063
24,18124
24,18162
24,18254
24,18379
24,18535
24,18686
24,18869
25,520
25,590
25,646
25,720
25,842
25,1009
25,1040
25,1178
25,1255
25,1328
25,1377
25,1626
25,1936
25,1984
25,2025
25,2132
25,2136
25,2193
25,2358
25,2801
25,3199
25,3379
25,3466
25,3526
25,3560
25,3611
25,3615
25,3853
25,3979
25,4357
25,4445
25,4536
25,4545
25,4768
25,4826
25,4903
25,4995
25,5042
25,5084
25,5479
25,5680
25,5755
25,5802
25,5977
25,6341
25,6376
25,6548
25,6621
25,7207
25,7504
25,7611
25,7650
25,7673
25,7845
25,7961
25,8112
25,8588
25,8958
25,9105
25,9109
25,9145
25,9154
25,9747
25,9911
25,10078
25,10426
25,10613
25,10643
25,10661
25,10687
25,10949
25,11052
25,11108
25,11127
25,11148
25,11792
25,11824
25,12156
25,12433
25,12501
25,12644
25,12755
25,12947
25,13176
25,13215
25,13222
25,13339
25,13360
25,13743
25,13818
25,13880
25,14248
25,14321
25,14528
25,14656
25,14862
25,14988
25,15049
25,15142
25,15173
25,15256
25,15303
25,15330
25,15370
25,15651
25,15862
25,15977
25,16051
25,16106
25,16328
25,16413
25,16572
25,16642
25,16725
25,16925
25,17119
25,17200
25,17401
25,17649
25,17976
25,17981
25,18565
25,18600
25,18666
25,18781
25,18930
26,31
26,147
26,207
26,214
26,323
26,397
26,534
26,653
26,658
26,838
26,931
26,943
26,947
26,984
26,1003
26,1090
26,1319
26,1351
26,1356
26,1390
26,1541
26,1546
26,1555
26,1589
26,1636
26,1749
26,1976
26,1990
26,2046
26,2049
26,2097
26,2150
26,2464
26,2473
26,2894
26,2910
26,3029
26,3074
26,3118
26,3312
26,3445
26,3685
26,3706
26,3727
26,3821
26,3959
26,4025
26,4104
26,4133
26,4440
26,4537
26,4571
26,4612
26,4638
26,4801
26,5009
26,5126
26,5139
26,5159
26,5228
26,5276
26,5337
26,5345
26,5390
26,5562
26,5633
26,5653
26,5688
26,5693
26,5712
26,5738
26,5839
26,5917
26,5998
26,6130
26,6259
26,6265
26,6484
26,6489
26,6579
26,6892
26,6898
26,6919
26,7005
26,7022
26,7074
26,7165
26,7400
26,7504
26,7577
26,7588
26,7615
26,7849
26,7952
26,8292
26,8328
26,8399
26,8455
26,8517
26,8773
26,8819
26,8898
26,8989
26,9019
26,9098
26,9289
26,9554
26,9608
26,9733
26,9805
26,9810
26,9841
26,9994
26,10004
26,10053
26,10287
26,10409
26,10463
26,10468
26,10560
26,10696
26,10865
26,10910
26,11250
26,11258
26,11293
26,11456
26,11466
26,11544
26,11603
26,11685
26,11708
26,11824
26,11920
26,12015
26,12122
26,12253
26,12410
26,12425
26,12527
26,12731
26,12953
26,13003
26,13031
26,13085
26,13199
26,13232
26,13265
26,13292
26,13525
26,13674
26,13758
26,13821
26,14207
26,14217
26,14227
26,14382
26,14474
26,14493
26,14527
26,14549
26,14787
26,14794
26,14844
26,14905
26,15098
26,15273
26,15369
26,15490
26,15495
26,15603
26,15717
26,15774
26,15941
26,15970
26,16106
26,16229
26,16263
26,16313
26,16585
26,16669
26,16731
26,16801
26,16811
26,16822
26,16887
26,16953
26,17032
26,17064
26,17135
26,17263
26,17425
26,17452
26,17472
26,17504
26,17628
26,17683
26,17689
26,17700
26,17815
26,17990
26,18014
26,18145
26,18277
26,18347
26,18397
26,18399
26,18446
26,18476
26,18496
26,18532
26,18717
26,18785
26,18893
26,18902
26,18916
27,17
27,131
27,151
27,256
27,288
27,459
27,478
27,525
27,547
27,628
27,746
27,792
27,833
27,842
27,908
27,986
27,1177
27,1229
27,1272
27,1331
27,1335
27,1348
27,1480
27,1496
27,1503
27,1524
27,1552
27,1555
27,1593
27,1645
27,1667
27,1693
27,1731
27,1769
27,1835
27,1847
27,1863
27,1912
27,2065
27,2096
27,2114
27,2136
27,2262
27,2278
27,2287
27,2296
27,2330
27,2420
27,2459
27,2477
27,2511
27,2544
27,2556
27,2564
27,2595
27,2606
27,2628
27,2746
27,2987
27,3063
27,3080
27,3120
27,3210
27,3213
27,3252
27,3284
27,3419
27,3423
27,3437
27,3494
27,3503
27,3541
27,3553
27,3615
27,3616
27,3647
27,3722
27,3779
27,3780
27,3960
27,3993
27,4033
27,4083
27,4167
27,4200
27,4253
27,4463
27,4620
27,4676
27,4747
27,4885
27,4908
27,5028
27,5382
27,5413
27,5447
27,5463
27,5468
27,5479
27,5553
27,5581
27,5616
27,5646
27,5659
27,5703
27,5837
27,5926
27,5940
27,5965
27,6041
27,6048
27,6106
27,6152
27,6250
27,6267
27,6305
27,6318
27,6540
27,6568
27,6580
27,6660
27,6843
27,6872
27,6875
27,7113
27,7159
27,7234
27,7269
27,7427
27,7437
27,7541
27,7546
27,7559
27,7576
27,7650
27,7839
27,7881
27,8057
27,8171
27,8414
27,8423
27,8442
27,8447
27,8558
27,8577
27,8592
27,8704
27,8712
27,8753
27,8760
27,8857
27,8867
27,8927
27,8942
27,9051
27,9077
27,9079
27,9101
27,9144
27,9228
27,9259
27,9439
27,9541
27,9647
27,9777
27,9804
27,9968
27,9969
27,10018
27,10245
27,10372
27,10391
27,10461
27,10467
27,10631
27,10688
27,10787
27,10863
27,10870
27,10886
27,10888
27,10906
27,10977
27,11390
27,11436
27,11496
27,11587
27,11595
27,11602
27,11831
27,12031
27,12144
27,12193
27,12231
27,12534
27,12535
27,12542
27,12577
27,12657
27,12670
27,12677
27,12804
27,12894
27,12909
27,12910
27,13108
27,13138
27,13139
27,13322
27,13333
27,13362
27,13369
27,13580
27,13679
27,13722
27,13800
27,13894
27,13937
27,13955
27,13974
27,14013
27,14061
27,14065
27,14165
27,14437
27,14452
27,14518
27,14586
27,14619
27,14653
27,14688
27,14696
27,14871
27,14903
27,14975
27,15110
27,15193
27,15255
27,15298
27,15305
27,15399
27,15487
27,15530
27,15535
27,15543
27,15589
27,15639
27,15641
27,15669
27,15703
27,15708
27,15789
27,15886
27,16053
27,16055
27,16125
27,16181
27,16224
27,16277
27,16307
27,16315
27,16420
27,16608
27,16620
27,16673
27,16695
27,16752
27,16873
27,16880
27,16920
27,17043
27,17060
27,17139
27,17253
27,17450
27,17477
27,17523
27,17544
27,17582
27,17618
27,17639
27,17697
27,17742
27,17746
27,17774
27,17790
27,17837
27,17897
27,18066
27,18119
27,18152
27,18217
27,18251
27,18327
27,18347
27,18449
27,18479
27,18519
27,18528
27,18590
27,18639
27,18806
27,18808
27,18849
27,18855
27,18926
27,18933
